Student_ID,Study_Hours_Per_Day,Extracurricular_Hours_Per_Day,Sleep_Hours_Per_Day,Social_Hours_Per_Day,Physical_Activity_Hours_Per_Day,Stress_Level,Gender,Grades
1,6.9,3.8,8.7,2.8,1.8,Moderate,Male,7.48
2,5.3,3.5,8,4.2,3,Low,Female,6.88
3,5.1,3.9,9.2,1.2,4.6,Low,Male,6.68
4,6.5,2.1,7.2,1.7,6.5,Moderate,Male,7.2
5,8.1,0.6,6.5,2.2,6.6,High,Male,8.78
6,6,2.1,8,0.3,7.6,Moderate,Female,7.12
7,8,0.7,5.3,5.7,4.3,High,Male,7.7
8,8.4,1.8,5.6,3,5.2,High,Male,8
9,5.2,3.6,6.3,4,4.9,Low,Male,7.05
10,7.7,0.7,9.8,4.5,1.3,Moderate,Female,6.9
11,9.7,3.6,8,2.5,0.2,High,Male,8.57
12,6.9,1.1,9.1,2.1,4.8,Moderate,Male,7.42
13,6.4,2.2,5.7,4.8,4.9,High,Male,7.05
14,5,3.3,8.5,4.4,2.8,Low,Male,7.18
15,8.9,0.3,6.8,0.7,7.3,High,Female,8.5
16,6.7,0.3,6.6,2,8.4,Moderate,Male,8
17,8.6,2.6,9.4,1.6,1.8,High,Female,8.4
18,8.8,2.2,8.9,2,2.1,High,Female,7.98
19,7.6,1.7,5.1,0.6,9,High,Female,7.9
20,6.6,2,9.5,1.5,4.4,Moderate,Male,7.32
21,7.1,3,6.1,0.5,7.3,Moderate,Female,7.25
22,9.6,3.2,8.2,2.6,0.4,High,Male,8.35
23,9,0.7,9.5,2.6,2.2,High,Female,8.02
24,6.1,1.7,9.1,5.2,1.9,Moderate,Female,7.12
25,5,2,7.1,1.3,8.6,Low,Female,6.7
26,9.7,1.3,7.6,3.8,1.6,High,Female,8.22
27,6.8,3.9,9.8,0.9,2.6,Moderate,Female,6.6
28,6.4,0.1,8,3,6.5,Moderate,Female,7.38
29,5.3,1.1,9.5,1.4,6.7,Low,Female,6.98
30,9.9,1,8.4,3.6,1.1,High,Female,8.12
31,6.2,2.9,6.8,3.8,4.3,Moderate,Male,7.62
32,5.5,3.3,6.6,1.1,7.5,Low,Male,8.15
33,5.2,2.4,8.4,0.1,7.9,Low,Female,6.18
34,8.2,0.7,8.5,2.3,4.3,High,Female,8.1
35,9.7,0.6,6.7,0.7,6.3,High,Female,9.05
36,9.1,2.2,7.6,1.2,3.9,High,Male,7.8
37,5.5,3.6,9.5,3.4,2,Low,Female,6.45
38,8.6,3.6,9.4,1.9,0.5,High,Male,7.58
39,8.2,0.3,5.8,5.4,4.3,High,Male,8.22
40,5,0.6,7.7,4.2,6.5,Low,Male,6.52
41,8.3,0.9,8.6,1.4,4.8,High,Male,8.7
42,8.2,3.4,8.3,2.3,1.8,High,Male,7.68
43,5.5,1.5,6.3,1.5,9.2,Low,Female,7.02
44,9.5,2.5,9,1.5,1.5,High,Female,8.72
45,7.9,2,6,4.3,3.8,Moderate,Female,7.42
46,9.7,3.8,9.6,0.3,0.6,High,Female,8.88
47,5.1,3.7,7.1,5.8,2.3,Low,Female,6.5
48,9.3,1.3,5.8,3.3,4.3,High,Male,7.72
49,9.7,2.8,7.9,0.3,3.3,High,Female,8.68
50,9.4,3,8.5,2.2,0.9,High,Female,7.95
51,6.8,1.2,9,4.9,2.1,Moderate,Male,7.8
52,9,2.6,8.5,3.1,0.8,High,Female,10
53,9.5,1.4,6.9,0.6,5.6,High,Male,8.32
54,7.3,2.2,6.4,3.5,4.6,Moderate,Female,7.78
55,5.2,0.1,9.1,2.2,7.4,Low,Male,6.98
56,8.8,0.9,8.1,0.5,5.7,High,Female,7.75
57,5.3,2.1,7.7,3.8,5.1,Low,Female,5.98
58,9,1.1,7.2,0.5,6.2,High,Male,8.48
59,5.1,3.9,9.2,4,1.8,Low,Male,6.3
60,5.8,1,7.7,4.3,5.2,Low,Male,7
61,8.3,1.1,9.8,3.5,1.3,High,Male,9.18
62,7.1,1,6.8,4.5,4.6,Moderate,Male,8.18
63,5.1,0.5,5.2,0.2,13,High,Male,7.12
64,7.4,0.4,7.5,2.8,5.9,Moderate,Male,8.15
65,5.9,1.7,7,3.7,5.7,Low,Male,7
66,6.9,2.5,7.5,5.1,2,Moderate,Female,7.65
67,8.3,0.7,5.4,3.9,5.7,High,Female,8.15
68,9.7,2.3,6.9,3.3,1.8,High,Male,8.45
69,7.3,2.2,9.7,1.9,2.9,Moderate,Female,7.88
70,5.4,1.3,9.2,0.1,8,Low,Female,6.72
71,9.1,1.1,5.6,4.2,4,High,Female,8.85
72,8.7,3.2,6.4,1,4.7,High,Female,8.43
73,8.8,3.2,10,0.8,1.2,High,Male,8.95
74,6.7,3.7,9.3,1.8,2.5,Moderate,Female,7.22
75,8.8,3,5.5,5.4,1.3,High,Male,8.95
76,6.6,3.6,6.9,0.1,6.8,Moderate,Female,7.48
77,9.5,0.4,6.6,5.7,1.8,High,Female,8.6
78,8.2,1.8,6.5,2,5.5,High,Female,8.38
79,8.4,3,9,2.8,0.8,High,Male,8.15
80,5.3,2.2,7.2,5.3,4,Low,Female,6.55
81,6.8,0.5,5.7,4.6,6.4,High,Male,7.15
82,5.4,2.8,5.4,4.9,5.5,High,Female,7.15
83,8.5,0.3,5.4,5.9,3.9,High,Male,7.48
84,9.1,3.8,9.9,0.9,0.3,High,Female,7.7
85,6.9,0.3,8.9,3.4,4.5,Moderate,Male,8.02
86,5.6,2,5.1,2.8,8.5,High,Male,7.02
87,5.3,0.5,5.6,3.9,8.7,High,Female,7.25
88,9.8,1.5,6.4,5.2,1.1,High,Male,9.45
89,6.1,3.9,5.1,5.8,3.1,High,Female,7.4
90,5.4,2.2,9.8,3.1,3.5,Low,Female,7.02
91,8.1,2.8,7.3,3.6,2.2,High,Female,8.48
92,5.2,1.1,9.8,5.3,2.6,Low,Female,7.05
93,7.3,2.5,6.4,1.1,6.7,Moderate,Female,6.68
94,7.9,0.3,9.9,5.8,0.1,Moderate,Female,7.7
95,8.5,2.1,6.5,4.9,2,High,Female,7.75
96,9.6,3.3,9.7,1,0.4,High,Female,8.85
97,8.1,1.7,9.7,3.9,0.6,High,Female,8.62
98,9.9,0.6,8,2.1,3.4,High,Female,8.48
99,9.8,3.4,9.2,0.7,0.9,High,Female,7.88
100,5.3,3.5,9.1,6,0.1,Low,Male,6.7
101,10,2.2,8.8,2.8,0.2,High,Male,8.52
102,7.3,0.5,9.8,3.6,2.8,Moderate,Female,8.05
103,6.1,2.7,8.1,2.1,5,Moderate,Female,7.45
104,7.6,3.1,7.6,4.9,0.8,Moderate,Female,7.48
105,7.8,2.2,9.4,1.9,2.7,Moderate,Female,8.25
106,8.5,0.9,5.7,0.1,8.8,High,Female,8.88
107,6.8,2.4,7,2.6,5.2,Moderate,Female,7.42
108,7.6,3.1,7,3.7,2.6,Moderate,Female,8.2
109,9.3,3.8,5.7,4.8,0.4,High,Female,7.62
110,7.3,3.9,7.5,1.7,3.6,Moderate,Male,7.7
111,8.2,1,5.4,0.8,8.6,High,Female,8.25
112,5.9,1.4,9.5,2.8,4.4,Low,Male,6.75
113,8.3,0.7,6,0.2,8.8,High,Female,7.85
114,5.9,0.4,5.6,2.8,9.3,High,Female,6.82
115,6,1.5,7.5,4.1,4.9,Moderate,Male,6.9
116,9.4,3.7,5.3,1.6,4,High,Female,8.62
117,9,3,5.9,1.3,4.8,High,Male,8.22
118,8.1,1.5,7.3,4.5,2.6,High,Female,6.88
119,5.2,1,8.6,5.4,3.8,Low,Female,8.5
120,5.5,1.8,7.7,1.5,7.5,Low,Male,7.62
121,6.3,1.5,5.1,1.9,9.2,High,Female,7.05
122,5.6,3.6,8,4.1,2.7,Low,Male,6.55
123,8.9,2,5.4,3.2,4.5,High,Female,9.1
124,7.2,0.5,6.4,2.2,7.7,Moderate,Male,7.98
125,8.2,2.3,6.8,5.9,0.8,High,Male,7.38
126,5.5,0.6,6.2,1,10.7,Low,Female,7.35
127,5.9,1.1,5.9,5.4,5.7,High,Female,7.22
128,7.1,3.9,5.6,2.4,5,High,Male,7.25
129,9.8,3.5,9.1,0.4,1.2,High,Female,8.93
130,9.6,2.2,7.9,1.2,3.1,High,Female,8.1
131,8.8,0.7,6.6,2.6,5.3,High,Female,7.48
132,5.6,2.4,6.4,3.5,6.1,Low,Male,7.12
133,5.8,1.9,7.7,0.3,8.3,Low,Male,6.75
134,5.3,4,6.6,4.9,3.2,Low,Male,6.8
135,6.3,2.7,8.8,3.6,2.6,Moderate,Male,6.12
136,6.7,3.7,9.2,4.2,0.2,Moderate,Male,7.12
137,5.6,2.9,9.7,1.1,4.7,Low,Male,7.15
138,7.9,3.4,5.7,4.8,2.2,High,Male,7.88
139,6,0.7,5.8,4.9,6.6,High,Male,7.4
140,6.8,3.5,7,4.9,1.8,Moderate,Male,8.6
141,7.2,1.5,7.3,1.8,6.2,Moderate,Female,7.7
142,6.2,3.6,6.9,3.3,4,Moderate,Male,8.18
143,9.5,2.5,5.6,5.6,0.8,High,Female,7.82
144,5.7,3.2,8.1,3.2,3.8,Low,Female,7.7
145,9.5,3.2,5.8,1.7,3.8,High,Female,8.98
146,5.2,2.3,8.8,5.3,2.4,Low,Male,6.52
147,6.7,3.3,5.6,5.1,3.3,High,Male,7.38
148,9,0.6,6.1,4.3,4,High,Male,7.88
149,8.6,2.6,8.5,2.3,2,High,Male,7.85
150,5.9,3.6,7.9,2.4,4.2,Low,Female,6.6
151,7.3,3.8,5.8,3.5,3.6,High,Male,8.95
152,5.1,3.5,9.7,3.2,2.5,Low,Male,6.98
153,8.5,3.7,8.5,0.5,2.8,High,Male,9.12
154,7.1,2.9,9.7,4,0.3,Moderate,Male,8.32
155,7.3,0.5,9.9,5,1.3,Moderate,Male,7.78
156,8,1.6,5.3,2,7.1,High,Female,8.55
157,9,0,6.7,2.4,5.9,High,Male,8.78
158,6.7,1.4,8.7,2.7,4.5,Moderate,Female,7.55
159,6.1,1.8,5.7,1.1,9.3,High,Male,5.95
160,9.6,1.4,7.9,3.2,1.9,High,Female,8.57
161,5.1,2.7,5.9,5.8,4.5,High,Male,6.78
162,5.4,4,7.5,3.6,3.5,Low,Male,6.48
163,5.3,3,6,5.4,4.3,Low,Female,6.7
164,5.2,1.9,7.8,0.4,8.7,Low,Female,6.68
165,8.9,1.8,7.6,2.5,3.2,High,Female,8.95
166,5.8,0.7,9.3,5.7,2.5,Low,Male,6.15
167,6.9,1.1,8.2,2.5,5.3,Moderate,Female,8.05
168,5.1,0.9,6.2,4,7.8,Low,Male,7.55
169,5.1,0.4,9,1.1,8.4,Low,Male,6.3
170,5.5,1,8.6,5.1,3.8,Low,Female,7.42
171,9.2,1.6,8.3,1,3.9,High,Female,8.75
172,5.1,0.3,6,0.2,12.4,Low,Male,6.75
173,5.9,2.3,7.1,5.4,3.3,Low,Male,6.95
174,6.3,1.5,8,1.6,6.6,Moderate,Female,7.88
175,8.1,1.6,7.8,2.6,3.9,High,Female,8.15
176,8.8,0.6,9.3,2.6,2.7,High,Female,8.25
177,9.5,3.2,7.1,0.1,4.1,High,Male,8.72
178,8.2,1,5.7,5,4.1,High,Male,7.22
179,9.9,2.1,5.9,1.6,4.5,High,Male,8.8
180,6.4,2.2,8.3,5,2.1,Moderate,Male,6.9
181,6,0,5.7,5.4,6.9,High,Male,7.38
182,8,2.7,5.9,5.5,1.9,High,Male,8.5
183,7.1,1.5,7.6,0.3,7.5,Moderate,Female,7.92
184,5.4,2.4,6.2,2.3,7.7,Low,Male,6.65
185,6.4,1.4,8.6,1.8,5.8,Moderate,Male,6.92
186,8.3,3.7,8.7,0.7,2.6,High,Male,9.43
187,5.2,1,8,0.3,9.5,Low,Female,8.22
188,6.7,3.1,5.5,0.5,8.2,High,Male,7.48
189,8.6,2,8.4,2.2,2.8,High,Male,8.57
190,9,2.8,6.4,3.4,2.4,High,Female,8.1
191,6.8,0.4,9.6,0.8,6.4,Moderate,Male,7.52
192,5.9,2.2,9.4,4.4,2.1,Low,Male,7.52
193,9,2.6,8.5,3.3,0.6,High,Male,8.35
194,6.1,4,9.7,0.2,4,Moderate,Male,6.45
195,8.5,3.7,5.9,3.4,2.5,High,Male,7.65
196,9.6,3.9,9.7,0.4,0.4,High,Female,9.12
197,9.3,3.4,6.6,3.9,0.8,High,Female,8.52
198,6.2,0.5,5.4,4.2,7.7,High,Female,7.1
199,6.7,2.9,5.3,1.9,7.2,High,Male,8.22
200,6.6,2.5,9.4,3.4,2.1,Moderate,Male,7.58
201,6.2,0.1,9.4,0.1,8.2,Moderate,Male,7.38
202,9.7,3.2,10,0.4,0.7,High,Female,9.18
203,8.8,1.6,7.4,3.8,2.4,High,Male,8.07
204,7.1,3,6.2,0.7,7,Moderate,Male,8.4
205,6.8,1.1,6.5,1.4,8.2,Moderate,Female,7.52
206,6.9,2.7,6.1,5.7,2.6,Moderate,Male,7.7
207,8.9,0.4,7.1,5.3,2.3,High,Female,8.32
208,8.1,0.7,10,1.2,4,High,Female,8.38
209,9.7,2.6,8,1.9,1.8,High,Female,8.32
210,6.1,0.7,8.9,2.1,6.2,Moderate,Male,7.02
211,5.3,3.9,9.4,5,0.4,Low,Male,7.7
212,8.5,0.6,9.1,1.3,4.5,High,Male,7.9
213,6.1,2.1,8,3.5,4.3,Moderate,Male,6.98
214,9.4,3.8,9.3,1.2,0.3,High,Male,8.32
215,8.3,2.2,5.4,2.5,5.6,High,Male,7.42
216,8.6,2,5.4,1.3,6.7,High,Male,7.85
217,8.4,0.3,9.3,3,3,High,Female,9.43
218,9.1,1.4,8.4,2.9,2.2,High,Male,8.15
219,6.3,3.5,9,3.4,1.8,Moderate,Female,7.78
220,8.5,2.7,8.1,3.5,1.2,High,Male,8.45
221,5.8,3.5,9.4,0.2,5.1,Low,Male,7.1
222,6.7,3,5.8,4.9,3.6,High,Male,7.58
223,9.2,2,5,1.7,6.1,High,Female,8.55
224,8.2,1,8.2,3.2,3.4,High,Female,8.1
225,8.9,0.4,8.8,3.2,2.7,High,Female,8.3
226,8.2,3.7,5.5,5.6,1,High,Female,8.22
227,8.4,0.3,6.5,4.2,4.6,High,Male,8.22
228,6.7,2.5,5.2,5.2,4.4,High,Female,7.15
229,9.9,3.9,8.7,0.2,1.3,High,Male,9.5
230,8.4,1.8,6.4,6,1.4,High,Male,8.12
231,7.1,1.8,5.8,4.8,4.5,High,Female,7.15
232,5.4,2.7,8.3,1.6,6,Low,Female,7.38
233,9.8,0.6,7.2,5.7,0.7,High,Female,9.6
234,7,1.1,9.9,2.5,3.5,Moderate,Female,7.1
235,9.5,0.9,6.1,0.2,7.3,High,Female,7.92
236,9.3,1.9,9.8,0.6,2.4,High,Female,9.2
237,9.3,3.1,8.9,2.3,0.4,High,Female,8.8
238,5.7,0.1,9.6,3.7,4.9,Low,Female,7.8
239,9,1.9,5.6,0.8,6.7,High,Male,8.02
240,6,2,5.3,3.5,7.2,High,Female,8.15
241,6.3,3.2,6.6,2.7,5.2,Moderate,Female,7.12
242,8,1.2,8.5,5.2,1.1,Moderate,Male,6.8
243,8.9,0.2,7.4,0.6,6.9,High,Female,8.32
244,8.1,2.8,7.8,0.1,5.2,High,Male,7.45
245,6.6,2.1,5.4,2.1,7.8,High,Male,6.98
246,7.8,2.8,9,0.9,3.5,Moderate,Female,7.78
247,5.8,0.4,8.2,4.2,5.4,Low,Male,7.2
248,8.5,3.5,8.6,2.7,0.7,High,Male,7.88
249,6.7,3.3,5.4,5.4,3.2,High,Male,8.18
250,7.3,2.6,7.6,4.4,2.1,Moderate,Male,7.82
251,5.4,0.2,6.2,1,11.2,Low,Female,6.88
252,9.9,1.3,5.9,4.7,2.2,High,Male,8.93
253,8.3,2,7.8,4.2,1.7,High,Female,8.12
254,6,2.7,5.4,0.2,9.7,High,Male,7.3
255,6.3,1.9,9.3,4.4,2.1,Moderate,Male,7.12
256,6.7,1.5,9.9,0.2,5.7,Moderate,Male,8.3
257,9.3,2.3,7.2,3.8,1.4,High,Male,9.02
258,9.5,1.7,6.4,3.6,2.8,High,Female,8.55
259,9.6,0.8,8.1,3.5,2,High,Female,8.28
260,8.6,3.6,5.9,1.4,4.5,High,Male,8.43
261,9.9,0.7,9.3,2,2.1,High,Male,8.98
262,7.2,2.1,6.8,3.6,4.3,Moderate,Female,7.52
263,5.8,1.6,9.8,1.5,5.3,Low,Male,6.52
264,8.9,0.5,9.8,2.2,2.6,High,Male,8.93
265,6.2,0.3,5.8,3.1,8.6,High,Male,7.82
266,7.2,1,8.1,4.2,3.5,Moderate,Female,7.45
267,5.8,0.7,5.2,4.4,7.9,High,Female,7.02
268,9.2,3.2,7.9,3.2,0.5,High,Female,9.5
269,6,0.4,6.3,0.3,11,Moderate,Male,7.62
270,5.2,0.5,7.3,5.6,5.4,Low,Male,6.98
271,6.6,2,5.2,0.9,9.3,High,Female,7.92
272,7.3,2.1,7.4,4,3.2,Moderate,Female,7.9
273,5.7,0.1,6.5,4.2,7.5,Low,Female,7.45
274,9.8,0.4,8.4,2.4,3,High,Female,8.15
275,9.3,0.7,8.5,4.6,0.9,High,Male,8.57
276,7.5,2.5,9.3,2.7,2,Moderate,Female,8
277,5.2,3.7,8.4,4.1,2.6,Low,Male,7.28
278,7,2.6,5.5,3.9,5,High,Female,7.05
279,10,0.2,9.9,1.6,2.3,High,Male,8.9
280,7.8,3,9.4,1.5,2.3,Moderate,Female,8.12
281,6.6,2.7,9,4.3,1.4,Moderate,Female,7.32
282,9.1,0.5,7.7,0,6.7,High,Female,9.1
283,6.6,1.5,7,4.2,4.7,Moderate,Female,6.98
284,6.2,1.5,6.1,0.4,9.8,Moderate,Male,6.25
285,8,2.7,8.1,2.4,2.8,Moderate,Female,8.5
286,7.6,1.9,5.1,2,7.4,High,Male,7.7
287,6.9,1.6,7.9,3.2,4.4,Moderate,Male,8.28
288,9.1,2.9,9.8,0,2.2,High,Male,8.7
289,6,0,8.2,5.4,4.4,Moderate,Male,7.3
290,5.3,3.7,6.8,0.6,7.6,Low,Female,6.95
291,7.4,1,6.4,1.8,7.4,Moderate,Male,7.88
292,6.6,2.4,8.6,1.6,4.8,Moderate,Male,8.18
293,7.1,0.5,5.9,4.1,6.4,High,Male,7.72
294,8.5,0.4,7.8,1.5,5.8,High,Female,7.52
295,9.8,1.9,9,1.8,1.5,High,Female,8.75
296,9.8,2.4,9.1,2.4,0.3,High,Female,8.45
297,6.1,0.8,8.1,2.5,6.5,Moderate,Female,6.68
298,8.9,1.1,9.1,2.1,2.8,High,Male,8
299,8.3,0.4,8.1,2.7,4.5,High,Male,7.52
300,8.7,3.5,6.1,0.5,5.2,High,Female,8.43
301,5.1,2.6,8,3.3,5,Low,Male,6.62
302,8,2,9.9,0.6,3.5,Moderate,Male,7.32
303,8.5,1.6,7.1,4.3,2.5,High,Male,8.48
304,6.4,0.3,5.4,5.4,6.5,High,Female,8.22
305,6,1.3,6.1,2.1,8.5,Moderate,Female,7.28
306,5.3,3.2,6.2,3.2,6.1,Low,Male,6.6
307,9.4,2.6,7.7,1.4,2.9,High,Female,9.15
308,10,2.6,7.8,2.6,1,High,Female,8.15
309,7.3,0.2,7.8,5.7,3,Moderate,Female,8
310,6,2.1,5.5,2.7,7.7,High,Female,6.8
311,8.8,1.4,8.3,4.4,1.1,High,Female,7.75
312,10,3.7,7.7,2.2,0.4,High,Male,8.6
313,7.6,2.5,5.4,4.5,4,High,Female,7.92
314,8.9,2.8,5.2,1.8,5.3,High,Male,8.25
315,6.3,1.4,5.4,5.6,5.3,High,Male,6.45
316,7,1.8,8,3.1,4.1,Moderate,Female,7.88
317,9.6,2,10,2,0.4,High,Male,8.65
318,6.9,3.5,9.3,3.5,0.8,Moderate,Male,7.55
319,9,1.2,5.4,2.4,6,High,Male,8.65
320,6.7,3.9,8.2,4.3,0.9,Moderate,Female,7.08
321,5.7,3.4,9.6,2.6,2.7,Low,Female,7.82
322,5.9,2,7,0.9,8.2,Low,Male,7.5
323,6.8,0.3,5.1,0.8,11,High,Female,7.58
324,9.8,1.7,6.6,3,2.9,High,Female,8.95
325,7.2,0.4,8.2,1.3,6.9,Moderate,Female,8.48
326,5.8,0.2,8.9,2.8,6.3,Low,Female,7.78
327,5.3,4,5.3,4.2,5.2,High,Male,6.68
328,8.5,0.2,7.5,6,1.8,High,Male,8.02
329,9.1,2.5,6.5,3.7,2.2,High,Female,7.12
330,5.7,3.5,7.2,1.2,6.4,Low,Female,7.6
331,6.8,1.7,9.1,4.4,2,Moderate,Male,7.25
332,5.1,1,8.8,0.8,8.3,Low,Male,5.62
333,7.7,0.9,5.1,1.4,8.9,High,Female,7.88
334,5.5,2.2,7.3,5.1,3.9,Low,Male,7.35
335,5.5,2,5.8,1.9,8.8,High,Female,6.98
336,6.9,1.6,7.3,4.7,3.5,Moderate,Female,8.45
337,9.5,3.8,8.9,0.6,1.2,High,Male,8.25
338,6.3,3.4,5.2,5.4,3.7,High,Male,8.28
339,7.3,2.5,8.3,5.3,0.6,Moderate,Female,8.4
340,5.3,2.1,5.8,4.4,6.4,High,Female,7.78
341,7.6,2.7,5.2,0.5,8,High,Male,7.68
342,5.4,0,9.8,4.4,4.4,Low,Female,7.12
343,6.8,1.2,6.7,4.6,4.7,Moderate,Male,7.02
344,5.9,0.4,8.3,4.6,4.8,Low,Female,7.48
345,6.3,0.1,5.4,5.8,6.4,High,Male,7.85
346,8.1,1.5,6,0.7,7.7,High,Male,7.65
347,8.1,3.1,8.2,2.4,2.2,High,Male,7.72
348,9.9,2.4,7.9,2.8,1,High,Female,9.18
349,9.1,2.6,5.6,2,4.7,High,Female,7.9
350,7.2,2.5,9.7,1.1,3.5,Moderate,Male,6.72
351,5.6,0.8,9.4,3.9,4.3,Low,Female,7.52
352,9.3,3.4,9.6,0.4,1.3,High,Male,8.2
353,8.8,1.8,9.2,3.1,1.1,High,Male,8.62
354,5.9,2.2,9.9,5.6,0.4,Low,Female,7.8
355,5.2,0.7,5.7,4.4,8,High,Female,6.68
356,7.5,3.4,8.7,2.4,2,Moderate,Male,8.1
357,8,2,6.5,3.4,4.1,Moderate,Female,8.38
358,8.2,3,5.8,2.8,4.2,High,Female,8.28
359,5,1,8.6,6,3.4,Low,Male,6.78
360,9,0.8,7.8,4.4,2,High,Male,7.95
361,8.1,0.8,6.8,4.7,3.6,High,Female,7.98
362,8.8,0.1,8.7,1.2,5.2,High,Male,8.3
363,9.8,1.5,6.6,0.9,5.2,High,Male,9.02
364,10,1.5,7.2,3.8,1.5,High,Female,8.57
365,9.4,2.4,7,2.1,3.1,High,Male,7.75
366,9,0.4,7.9,2.9,3.8,High,Male,9
367,8.2,0.3,7.9,3.4,4.2,High,Female,9.1
368,8.4,3.2,6.3,5,1.1,High,Female,8.75
369,7.5,0.3,5.3,2,8.9,High,Male,8.15
370,8.9,2.1,7.2,0.9,4.9,High,Male,8.82
371,6.6,1.7,5.4,1.3,9,High,Female,8.22
372,10,3.7,8.2,0.9,1.2,High,Female,9.07
373,8.2,3.1,5.6,2.5,4.6,High,Female,7.9
374,7.9,2.4,5.9,2.2,5.6,High,Female,8.5
375,6.7,0.1,5.1,5,7.1,High,Male,7.58
376,6.5,3.8,6.3,2.6,4.8,Moderate,Female,6.55
377,9.4,3.4,5.9,4.3,1,High,Female,7.95
378,5.7,0.3,8.6,3,6.4,Low,Male,5.7
379,7.2,2.9,8.8,0.8,4.3,Moderate,Female,7.2
380,8.8,2.6,9.8,0.2,2.6,High,Male,8.45
381,5.3,1.1,6.3,1.5,9.8,Low,Female,6.88
382,6.4,3,7.2,4.7,2.7,Moderate,Female,7.58
383,5.3,2,5.2,0.4,11.1,High,Female,5.78
384,6.7,3.6,5.1,4,4.6,High,Male,7.95
385,9.8,2.2,9.7,0.1,2.2,High,Male,7.9
386,8.7,3.9,6.3,3.3,1.8,High,Female,8
387,6,2.3,7.3,5.8,2.6,Moderate,Male,6.45
388,5.6,0.6,6.1,1.5,10.2,Low,Male,7.68
389,9.3,2.2,7.6,0.6,4.3,High,Male,8.7
390,5.3,2.8,7.7,0.5,7.7,Low,Male,7.32
391,7.3,1.9,5.8,5.7,3.3,High,Male,7.95
392,7.3,1.6,8.3,3.3,3.5,Moderate,Male,8.2
393,5.3,2.1,9,2.8,4.8,Low,Female,6.68
394,5.8,1.3,8.8,3.1,5,Low,Female,6.78
395,6,3.5,9.4,4.4,0.7,Moderate,Male,7.1
396,9.9,3.1,5.1,0.4,5.5,High,Female,7.92
397,7.3,3.6,7.7,2.7,2.7,Moderate,Female,7.88
398,9.1,1.5,8.9,4.3,0.2,High,Female,8.02
399,6,2.1,6.4,4.8,4.7,Moderate,Female,8.18
400,9,1.6,9.6,2,1.8,High,Male,8.93
401,5.8,2.8,9,1.9,4.5,Low,Female,7
402,5.9,3.6,8.3,0.9,5.3,Low,Female,7
403,7.2,2.5,5.4,5.3,3.6,High,Male,7.7
404,9.8,1.7,9.9,1.7,0.9,High,Male,9.38
405,8.2,0.7,9.4,2.4,3.3,High,Female,8.68
406,8.6,3.6,5.4,4.4,2,High,Female,9.52
407,5.9,3.4,9.1,3,2.6,Low,Female,6.7
408,7.4,3.3,7.3,2.1,3.9,Moderate,Female,8.35
409,7.5,3.3,6.7,1,5.5,Moderate,Female,8.22
410,5.5,1,5.7,2.1,9.7,High,Female,7.32
411,7.3,3,8.3,3.4,2,Moderate,Male,8.22
412,7.4,3.9,8.2,0.6,3.9,Moderate,Female,7.55
413,8.4,1.3,8.4,0.4,5.5,High,Female,8.3
414,6.1,3.3,6.4,3.9,4.3,Moderate,Male,7.15
415,8.5,2.1,6.5,1.3,5.6,High,Male,8.45
416,9.4,3.1,8.9,1.7,0.9,High,Male,8.62
417,6.3,3.6,8.4,3.2,2.5,Moderate,Male,7.3
418,7.3,3.5,7.7,2.1,3.4,Moderate,Female,7.25
419,9.9,0.4,7.1,0.3,6.3,High,Female,8.88
420,6.4,3.4,6.5,5.5,2.2,Moderate,Female,7.5
421,8.8,3.2,5.1,5.8,1.1,High,Female,7.82
422,9.1,1.1,9.4,0.5,3.9,High,Female,8.95
423,8.5,2.2,5.5,1.5,6.3,High,Female,8.18
424,6.5,2.4,6.5,1.8,6.8,Moderate,Male,7.28
425,8.7,0.2,9.5,4.8,0.8,High,Female,8.75
426,9.5,0.7,5.4,1.4,7,High,Male,9.43
427,9,0.1,7.9,6,1,High,Male,8.4
428,5.3,3.3,8,0.7,6.7,Low,Female,7.58
429,5.5,3.6,8.3,5,1.6,Low,Male,7.15
430,7.6,1.7,6.6,2.6,5.5,Moderate,Female,8.35
431,8.9,2.4,9.5,1.4,1.8,High,Male,9.15
432,8,2.8,6.2,3.1,3.9,Moderate,Female,8.65
433,5.5,1.5,7.4,3.9,5.7,Low,Male,7.12
434,8.7,2,8.2,0.4,4.7,High,Female,8.55
435,6.3,1.4,7.4,0.3,8.6,Moderate,Female,7.15
436,9.9,1.3,7.4,1.1,4.3,High,Female,8.38
437,8.1,1.1,6,3.1,5.7,High,Female,7.88
438,9,2.3,7.6,1.5,3.6,High,Female,8
439,9.7,1.6,5.4,3.7,3.6,High,Male,8.48
440,7.5,3.5,7.5,3.9,1.6,Moderate,Male,7.42
441,10,0.5,6.4,2.4,4.7,High,Male,7.85
442,9.5,2.9,8,1.1,2.5,High,Female,7.78
443,9.1,3.8,9.1,0,2,High,Male,8.18
444,6.3,0.2,8,4.1,5.4,Moderate,Female,7.42
445,5.6,1.5,7.3,2.2,7.4,Low,Female,7
446,8.8,0.3,5.4,2.1,7.4,High,Male,7.8
447,9.7,2.7,8.4,1.2,2,High,Male,8.6
448,8.2,3.7,8.1,3.5,0.5,High,Female,8.07
449,8.6,0.5,9.5,0.4,5,High,Male,7.65
450,5.1,1.7,6.5,2.9,7.8,Low,Female,6.98
451,7.9,0.2,5.6,3.4,6.9,High,Female,8.6
452,8.3,3.4,8.5,1.6,2.2,High,Female,7.68
453,8.4,1.1,6.5,4.7,3.3,High,Female,8.85
454,9.1,3.4,9.6,0.8,1.1,High,Female,8.28
455,6.6,2.3,6.9,3.6,4.6,Moderate,Male,8
456,6.9,0.7,7.2,0.9,8.3,Moderate,Male,8.15
457,9.5,1.4,5.8,0.2,7.1,High,Female,9.22
458,6.7,0.3,7,1.9,8.1,Moderate,Female,8.2
459,8.4,2.4,6.8,1.3,5.1,High,Male,8.12
460,8.4,0.6,7.4,0.2,7.4,High,Male,8.3
461,7.5,3.9,6.9,0.2,5.5,Moderate,Female,7.78
462,5.8,0.1,8.8,2.8,6.5,Low,Male,7
463,6.4,3.6,5.6,5.7,2.7,High,Female,7.75
464,8,3.3,9.9,0.8,2,Moderate,Male,7.82
465,9.8,1.6,6.9,1.9,3.8,High,Female,8.07
466,7.8,2.2,8.8,4.3,0.9,Moderate,Male,8
467,7.2,1.2,6.3,1.2,8.1,Moderate,Female,7.62
468,6.4,3.9,7.8,2,3.9,Moderate,Male,7.18
469,7.9,0.6,7.2,3.8,4.5,Moderate,Male,6.7
470,10,3.5,8.1,1.4,1,High,Female,8.6
471,8.1,0.8,7,0.2,7.9,High,Male,9.35
472,6.1,3.9,9.5,3.2,1.3,Moderate,Female,6.52
473,7.7,3.5,5.7,4.7,2.4,High,Male,8.02
474,6.4,3.5,9.7,0.7,3.7,Moderate,Female,7.22
475,7.3,3.9,7.4,4.7,0.7,Moderate,Male,6.85
476,6.4,0.8,8.8,2.3,5.7,Moderate,Female,8.02
477,7.6,2,7.9,5.2,1.3,Moderate,Male,7.82
478,9.1,3.1,7.9,3.7,0.2,High,Female,8.55
479,6,0.4,9.3,2.6,5.7,Moderate,Male,7.55
480,8.1,3.7,5.1,2.9,4.2,High,Female,6.58
481,8.4,2.9,8.5,0.6,3.6,High,Female,7.68
482,9,1.1,6.1,5.7,2.1,High,Female,7.68
483,5,4,8.4,5,1.6,Low,Male,7.25
484,8.7,0.6,8.8,4.5,1.4,High,Female,8.52
485,8.3,3.1,9.2,2.1,1.3,High,Male,8.1
486,5.4,1.6,7,0.4,9.6,Low,Female,6.58
487,6.7,0.4,9,5.7,2.2,Moderate,Male,6.58
488,5.4,2,9,4.2,3.4,Low,Female,7.12
489,5.3,0.3,7,1.8,9.6,Low,Male,6.6
490,9,3.7,7,3.9,0.4,High,Male,7.9
491,6.6,1.9,6.1,3.8,5.6,Moderate,Female,7.5
492,6.8,2.6,5.6,5.3,3.7,High,Male,7.7
493,7.5,1.8,7.9,3.7,3.1,Moderate,Male,7.92
494,6.2,2.9,9.1,4.7,1.1,Moderate,Female,7.08
495,7.8,2.1,5.7,4.7,3.7,High,Male,7.9
496,6.4,0.5,8.1,0.3,8.7,Moderate,Male,6.52
497,8.7,1.3,5,3.1,5.9,High,Male,8.1
498,9.2,0,6.2,4.4,4.2,High,Female,8.52
499,6.6,0.4,6.8,1.6,8.6,Moderate,Male,7.22
500,8.9,3.6,7.2,3.9,0.4,High,Female,8.78
501,6.9,3.9,5.4,4.1,3.7,High,Male,6.38
502,8.2,2.8,5,1,7,High,Male,8
503,8.6,2.7,9.8,2.2,0.7,High,Male,8.28
504,6.5,0.4,8.9,3.9,4.3,Moderate,Female,7.52
505,5.2,1.4,9.8,3,4.6,Low,Male,6.22
506,6,1.5,6.8,0.3,9.4,Moderate,Male,6.1
507,8.8,1.7,9.1,3.7,0.7,High,Female,8.6
508,7.4,3.5,6.1,4.1,2.9,Moderate,Male,7.2
509,8,1.2,5.7,3.9,5.2,High,Female,7.58
510,8.2,1.6,8.6,1.1,4.5,High,Female,8.65
511,9.5,1.1,6.8,0.3,6.3,High,Male,8.57
512,6.3,3.3,5.1,2.3,7,High,Female,6.85
513,6.7,0.1,5.6,2.5,9.1,High,Male,6.22
514,7.7,2.4,5,2.8,6.1,High,Female,7.8
515,9.8,2.1,8.4,1.2,2.5,High,Female,9.02
516,7.6,3.9,5.6,0.1,6.8,High,Male,8.2
517,8.9,3.2,5.6,1.6,4.7,High,Female,8.4
518,6.7,1.5,5,1.8,9,High,Female,8.28
519,8.2,3.9,9.2,0.1,2.6,High,Female,8.15
520,8.9,1.8,7,1.8,4.5,High,Female,8.45
521,5.3,0.9,6.2,2.9,8.7,Low,Female,6.9
522,5.3,3.8,9.7,4.1,1.1,Low,Male,7.82
523,10,2.2,9.8,0.2,1.8,High,Female,8.12
524,6,0.6,8.1,4.7,4.6,Moderate,Male,6.95
525,7.9,0.6,9.1,3.8,2.6,Moderate,Female,8.75
526,6.3,1.4,9.6,1.7,5,Moderate,Male,6.85
527,7.3,3.6,8.5,0.3,4.3,Moderate,Male,7.32
528,5.7,3.8,7.6,1.5,5.4,Low,Female,8.18
529,7.5,2.7,5.4,1.6,6.8,High,Female,7.72
530,7.7,1.7,5.2,1,8.4,High,Female,8.57
531,7.2,0.8,5.2,5.1,5.7,High,Male,7.48
532,9.8,0.8,9.8,3.6,0,High,Female,8.98
533,8.6,3.9,7.8,1,2.7,High,Male,9.22
534,5.4,2.5,9.9,1.1,5.1,Low,Male,6.35
535,9,3.6,9.7,1.6,0.1,High,Male,8.6
536,8.8,0.6,7.4,4.3,2.9,High,Female,8.3
537,6.2,2.6,8.3,1,5.9,Moderate,Female,8.07
538,7.5,0,5,2.1,9.4,High,Male,8
539,9.6,0.9,8.2,1.2,4.1,High,Male,9.05
540,8.6,0.4,7.1,0.2,7.7,High,Female,8
541,7.4,2.6,5.6,1.7,6.7,High,Male,8.15
542,10,0.2,8.8,1.9,3.1,High,Female,8.65
543,7,3,9.6,4.2,0.2,Moderate,Male,6.7
544,8.9,1,7.8,2.2,4.1,High,Female,8.85
545,8.3,1,6,5.5,3.2,High,Male,8.12
546,6.1,0.2,5.2,1.1,11.4,High,Female,6.8
547,9.3,1.1,9.8,2.2,1.6,High,Male,9.48
548,7.6,3,6.4,2.1,4.9,Moderate,Female,7.08
549,9.5,3.8,9.5,0.5,0.7,High,Female,8.5
550,7.5,0.8,8,1.1,6.6,Moderate,Male,8.57
551,6.7,3.4,6,0.4,7.5,Moderate,Male,6.2
552,9.1,3.3,6.7,3.4,1.5,High,Female,8.5
553,8.9,2.6,5.8,5.3,1.4,High,Male,7.45
554,7.1,0.2,5.6,4.6,6.5,High,Female,7.82
555,5,1.7,7.6,0.3,9.4,Low,Male,6.32
556,6.2,0,8.6,5.8,3.4,Moderate,Female,6.78
557,6.1,2.7,8.7,5.1,1.4,Moderate,Female,6.42
558,6.6,2.9,9.1,1,4.4,Moderate,Female,7.12
559,6.9,3.6,9,4.4,0.1,Moderate,Female,7.3
560,8,2.6,5.4,3.3,4.7,High,Female,8.7
561,8.5,0.7,8.9,3.4,2.5,High,Female,8.52
562,6.5,2.9,8.8,0.6,5.2,Moderate,Male,6.68
563,7.6,2,6.8,5.6,2,Moderate,Male,8.12
564,8.6,1.8,9.6,2.8,1.2,High,Male,8.68
565,8.6,3.4,6.4,4.5,1.1,High,Female,7.95
566,6.7,3.9,9.3,2.9,1.2,Moderate,Female,6.95
567,8.6,2.2,9.7,1.7,1.8,High,Female,7.68
568,8.9,2.9,6.9,0.1,5.2,High,Female,8.15
569,9.2,0,8.5,5.8,0.5,High,Male,7.7
570,8.5,3.3,7.7,4.4,0.1,High,Male,8
571,5.3,2,8.6,5.2,2.9,Low,Female,7.22
572,7.8,1.6,5.7,5.2,3.7,High,Male,7.65
573,5.8,1.2,6.5,5.2,5.3,Low,Male,7.7
574,6.3,2.5,7.9,5,2.3,Moderate,Female,7.68
575,9.5,0,8.4,0.3,5.8,High,Male,7.68
576,6.5,1.4,8.1,2,6,Moderate,Female,7.65
577,8.7,1.6,5.3,4.7,3.7,High,Male,8
578,8.4,1.3,5.3,2.2,6.8,High,Female,7.3
579,9.7,2.6,8.4,2.1,1.2,High,Female,8.45
580,8.8,0.4,6.4,1.7,6.7,High,Female,7.62
581,7.2,3.9,5.3,3.1,4.5,High,Female,7.58
582,8.7,2.8,7.1,1.9,3.5,High,Male,7.8
583,7,1.1,6,2.9,7,Moderate,Female,7.18
584,8.3,3.9,8,0.3,3.5,High,Female,7.6
585,5.4,3.8,6.5,0.6,7.7,Low,Female,7.85
586,8.2,1.1,5.1,5.8,3.8,High,Male,8.75
587,6.3,2.7,8.5,3.7,2.8,Moderate,Female,6.8
588,8,3.5,9.7,0.3,2.5,Moderate,Male,7.55
589,5.8,3.8,8.7,5,0.7,Low,Female,7.38
590,8.5,2.7,7,0.1,5.7,High,Male,7.52
591,7.9,1,7.3,5.7,2.1,Moderate,Male,8.52
592,5.9,2.7,9.9,0.6,4.9,Low,Female,7.05
593,5,1.7,5.5,4.5,7.3,High,Male,6.8
594,6.3,1.7,8.6,0.1,7.3,Moderate,Female,7.78
595,7.9,2.5,8.2,1.3,4.1,Moderate,Female,7.7
596,6,3.5,8.7,0.1,5.7,Moderate,Female,7.38
597,6.2,0.9,6.4,1.5,9,Moderate,Male,7.3
598,8.7,2.4,8.4,0.4,4.1,High,Male,7.9
599,9.8,3.4,9,1.5,0.3,High,Female,8.72
600,6,2.5,8.7,4.4,2.4,Moderate,Female,7.62
601,7.6,0.3,6.9,5.5,3.7,Moderate,Male,8.38
602,6.3,1.5,9.5,4,2.7,Moderate,Female,8.55
603,8.9,1.8,8.2,1.3,3.8,High,Female,8.02
604,7.2,2.6,9.7,0.3,4.2,Moderate,Female,8.55
605,9.1,1.2,7.2,0.1,6.4,High,Male,8.43
606,5.3,2,9.6,0.6,6.5,Low,Male,6.02
607,8.8,1.6,8.3,1.4,3.9,High,Male,8.15
608,5.4,0.7,8.3,5.3,4.3,Low,Female,6.88
609,9.1,2.7,5.6,1.7,4.9,High,Female,7.88
610,7.6,2.1,6.8,2.1,5.4,Moderate,Female,7.42
611,9.1,3.2,6.5,4.8,0.4,High,Male,8.35
612,6.8,2,9.7,4.8,0.7,Moderate,Female,7.72
613,5.5,1.6,7.8,3,6.1,Low,Female,7.25
614,8.4,3.4,9.3,2.2,0.7,High,Female,8
615,7.2,2.4,5.8,4,4.6,High,Female,7.98
616,6.1,0.5,5.8,0,11.6,High,Male,6.82
617,8.6,2.9,7.6,0.8,4.1,High,Male,7.88
618,5.5,0.9,7.6,3.6,6.4,Low,Female,6.42
619,6.2,0.2,7,1.4,9.2,Moderate,Male,7.82
620,7.1,1.7,7.7,4.2,3.3,Moderate,Male,8.7
621,8.5,0.7,7.5,2.5,4.8,High,Female,8.35
622,7.7,0.5,8,0.7,7.1,Moderate,Female,8.35
623,6.7,0.6,8.5,1.2,7,Moderate,Male,7.95
624,6,2,7.1,0.1,8.8,Moderate,Female,7.12
625,9,0.3,7.4,3.4,3.9,High,Male,9.1
626,6.3,0,8.6,3.2,5.9,Moderate,Female,7.85
627,9.2,3.3,9.2,1.1,1.2,High,Male,9
628,7.3,0.7,9.3,5.3,1.4,Moderate,Female,7.42
629,7.3,0.3,6.9,4.8,4.7,Moderate,Male,7.72
630,5.3,3.5,6.9,3.3,5,Low,Male,7.02
631,9.8,0.3,8.2,0.4,5.3,High,Male,9.28
632,7.2,4,7.8,1.6,3.4,Moderate,Female,7.45
633,6.1,1.4,6.9,0.4,9.2,Moderate,Male,6.98
634,8.6,2.6,8.5,0,4.3,High,Male,7.12
635,6.1,2.6,7.4,0,7.9,Moderate,Female,7.58
636,7.7,0.3,8.8,3.5,3.7,Moderate,Female,8.22
637,8.9,3,9,1.6,1.5,High,Male,8.55
638,8.1,3,5.8,1.2,5.9,High,Male,7.6
639,9.5,3,9.5,1.5,0.5,High,Female,9.4
640,9.4,2.3,8.2,0.6,3.5,High,Female,9.05
641,7.4,2.9,6.4,1.2,6.1,Moderate,Female,7.22
642,6.1,1.7,9.5,3,3.7,Moderate,Female,6.9
643,5.9,0.3,8.5,2.3,7,Low,Female,7.48
644,9,1.1,8.5,1.4,4,High,Male,8.9
645,9.7,2.5,6.6,1.4,3.8,High,Female,8.93
646,6.1,2.4,6.3,4,5.2,Moderate,Male,6.82
647,9.1,3.1,8.8,0.6,2.4,High,Male,8.55
648,6.8,1.7,5.2,1.6,8.7,High,Male,7.28
649,5.2,3.5,6.2,3.3,5.8,Low,Female,7
650,6.6,3.6,9.4,1.4,3,Moderate,Male,7.35
651,9.5,4,9.1,1.2,0.2,High,Male,8.8
652,5.3,0.4,10,2,6.3,Low,Female,6.22
653,8.7,3.2,9.3,2.8,0,High,Male,7.75
654,5.1,1.4,8.9,3.4,5.2,Low,Male,6.8
655,6.6,2.6,6.2,0.1,8.5,Moderate,Female,7.78
656,8.8,0.2,9.2,3.6,2.2,High,Male,8.98
657,7.8,2.5,9.3,2.6,1.8,Moderate,Male,8
658,8.8,1.8,8.5,1.9,3,High,Male,8.3
659,6.1,2.4,9.6,5.5,0.4,Moderate,Female,7.48
660,6.1,4,9.9,2.6,1.4,Moderate,Female,6.22
661,9,2.9,8,0.2,3.9,High,Female,9.35
662,8.4,1.5,9.7,0.7,3.7,High,Male,7.9
663,7.5,2.8,8.5,3.4,1.8,Moderate,Male,7.45
664,8.2,2.4,5.9,4.2,3.3,High,Female,7.82
665,7.3,2.7,9.2,0.8,4,Moderate,Male,8.52
666,9.2,3.2,9.8,1,0.8,High,Male,8.88
667,7.4,1.6,5.8,3.4,5.8,High,Female,7.98
668,7.9,2.4,6.8,0.3,6.6,Moderate,Female,7.85
669,5.2,1.7,5.4,3.6,8.1,High,Male,6.38
670,9.3,3.5,6,3.8,1.4,High,Male,8.8
671,6.4,3.2,10,0.1,4.3,Moderate,Male,7.52
672,9.9,1.9,9.2,0.2,2.8,High,Female,9.12
673,6.7,0.3,9.9,4.9,2.2,Moderate,Female,7.4
674,5.4,0.8,6.1,2.8,8.9,Low,Female,6.65
675,6.3,0.4,5.8,0.9,10.6,High,Female,7.32
676,6.4,3.2,6.6,1.8,6,Moderate,Male,7.65
677,6.2,0.5,6.3,2.1,8.9,Moderate,Female,7.1
678,6.1,3.2,5.7,2.1,6.9,High,Female,7.38
679,9.3,0.6,5.4,2.9,5.8,High,Female,8.78
680,9,0.5,7.9,3,3.6,High,Female,7.48
681,5.7,2.5,6.4,2.9,6.5,Low,Female,7.1
682,6.5,3.3,5.3,2.5,6.4,High,Male,7.02
683,7.3,2.9,7.9,3.9,2,Moderate,Male,7.98
684,6.6,2.2,9.2,5.9,0.1,Moderate,Female,7.65
685,9.4,1.5,6,2.9,4.2,High,Male,8.5
686,7.4,3.4,6.8,5.2,1.2,Moderate,Female,8.62
687,7,1.3,7.3,4.6,3.8,Moderate,Female,7.5
688,9.8,0.7,7.8,3.3,2.4,High,Male,8.52
689,7.4,2.6,6.1,3.3,4.6,Moderate,Male,8.52
690,5.7,2.3,5.9,1.7,8.4,High,Female,6.55
691,6.1,0.7,9.1,1.7,6.4,Moderate,Female,6.72
692,6.9,3.2,6.8,0.5,6.6,Moderate,Female,7.7
693,7.8,3.4,9,0.7,3.1,Moderate,Male,7.38
694,6.1,3.5,6.2,1.6,6.6,Moderate,Female,7.62
695,5,3.5,9,3.8,2.7,Low,Female,6.55
696,7.3,1.4,5.5,2.9,6.9,High,Female,7.98
697,9.6,0.2,6.5,1.2,6.5,High,Male,8.75
698,7.3,1.9,8.8,0.9,5.1,Moderate,Female,7.65
699,7.4,1.7,8,6,0.9,Moderate,Female,7.5
700,9.1,0.7,5.2,1.2,7.8,High,Male,9.1
701,6.7,2,8.1,5.5,1.7,Moderate,Female,7.78
702,5.3,0.1,7.8,2.6,8.2,Low,Female,8.95
703,9.2,0.6,5.1,2.7,6.4,High,Male,8.18
704,8,1.1,5.9,2.3,6.7,High,Female,8.18
705,9,1.6,8.8,0.6,4,High,Male,8
706,8.4,2.3,9.6,1.4,2.3,High,Male,8.52
707,5.3,0.1,9.1,3.1,6.4,Low,Female,6.62
708,6.7,0.1,9.8,4,3.4,Moderate,Female,7.88
709,9.7,1.1,8.1,3.5,1.6,High,Female,9.07
710,9.7,3.5,8.7,0.6,1.5,High,Female,8.4
711,6.4,3.9,5.1,4.3,4.3,High,Male,7.85
712,10,1.2,6.7,0.5,5.6,High,Female,9.48
713,7.2,1,6.7,5,4.1,Moderate,Male,8.02
714,5.3,0.4,5.8,3.6,8.9,High,Female,6.9
715,5.8,3.9,7.2,3,4.1,Low,Female,7.08
716,8.3,3,8.8,2.3,1.6,High,Female,7.3
717,9.5,3.3,8.8,0.1,2.3,High,Male,8.1
718,7,3.5,9.5,3.6,0.4,Moderate,Female,8.5
719,6.6,2.8,6.4,1.1,7.1,Moderate,Female,7.2
720,7.1,3.3,5.6,4.4,3.6,High,Female,7.12
721,7.7,1.2,7.5,1.8,5.8,Moderate,Female,7.2
722,5.8,0.5,7.7,5.4,4.6,Low,Male,8.18
723,6.7,2.9,8.3,5.6,0.5,Moderate,Female,7.65
724,8.3,3.6,7,1.7,3.4,High,Male,8.75
725,5.1,3.3,9,0.6,6,Low,Male,6.35
726,5.6,3.9,6.1,0.4,8,Low,Male,8.3
727,8,3,5.2,4,3.8,High,Male,7.52
728,5.9,2.3,6.5,5.6,3.7,Low,Male,7.25
729,9.1,3.9,6.3,4.6,0.1,High,Male,7.45
730,5.3,0.2,8.5,2.7,7.3,Low,Female,6.55
731,6.1,2.5,6.3,3.5,5.6,Moderate,Male,7.82
732,9.1,1.9,6.8,2.2,4,High,Male,8.18
733,9,1.3,6,0.5,7.2,High,Male,7.62
734,9.2,0.9,6.9,4.9,2.1,High,Female,7.02
735,9.1,1.5,7.3,1.8,4.3,High,Female,8.5
736,7.7,0.1,7.4,2.4,6.4,Moderate,Male,8.1
737,5.8,2.6,9.9,3.2,2.5,Low,Female,7
738,7.1,0.5,8.1,5.6,2.7,Moderate,Male,7.75
739,8.3,0.3,6.8,3.3,5.3,High,Male,8.7
740,9.1,2.4,6.9,1.4,4.2,High,Female,8.25
741,5.5,1.4,7.1,4.1,5.9,Low,Male,6.78
742,7,0.7,5.8,5,5.5,High,Female,7.72
743,5.2,1.7,5.8,5.3,6,High,Female,6.2
744,7.5,2.9,9.8,0.8,3,Moderate,Male,7.98
745,9.4,3.7,9.6,0.8,0.5,High,Male,7.9
746,8.8,2.1,8.4,2,2.7,High,Female,9.15
747,8.7,3.3,5.7,5,1.3,High,Male,8.88
748,7.2,1.5,9.6,1.4,4.3,Moderate,Male,7.78
749,9.2,1.9,7.6,1.6,3.7,High,Male,7.55
750,5.2,1.1,5,5.9,6.8,High,Female,7.32
751,9.8,1.6,8.6,1.4,2.6,High,Female,9.2
752,9.7,1.6,8.9,1,2.8,High,Male,8.93
753,10,0.1,8,3.9,2,High,Female,8.38
754,9.7,0.7,8.1,1.2,4.3,High,Female,8.82
755,6.5,2.2,7.1,1,7.2,Moderate,Female,7.28
756,8.8,3.6,5.4,2.4,3.8,High,Female,7.7
757,5.5,0.1,8.3,3.6,6.5,Low,Female,6.82
758,5.1,3.3,9.9,0.8,4.9,Low,Male,6.6
759,6.2,3.5,9.6,2,2.7,Moderate,Male,6.38
760,5.1,2.3,5.1,4.7,6.8,High,Male,7.58
761,6.5,0.2,7.9,2.4,7,Moderate,Female,7.45
762,6.4,2.8,6.4,5.4,3,Moderate,Female,7.62
763,6.9,2.2,5.3,2.6,7,High,Male,7.8
764,6.1,0.9,9.1,5.6,2.3,Moderate,Female,7.52
765,5.5,1.8,6.7,5.2,4.8,Low,Male,5.6
766,6.7,1.6,7.6,1,7.1,Moderate,Male,7.32
767,7.9,3.2,8.8,0.6,3.5,Moderate,Male,7.72
768,6.8,1.6,8.4,0.3,6.9,Moderate,Female,7.2
769,5.2,1.6,8.5,1.2,7.5,Low,Female,6.3
770,9.4,3.6,6.5,1,3.5,High,Male,8.93
771,7.1,1,8.4,5,2.5,Moderate,Male,8.15
772,7,0.6,8.7,2.2,5.5,Moderate,Male,7.88
773,8.4,1.1,5.4,6,3.1,High,Male,8.6
774,9.3,1.2,7.3,3.7,2.5,High,Female,9.4
775,7.1,1.7,6.7,3.4,5.1,Moderate,Female,7.48
776,9.7,2.8,9.1,1.3,1.1,High,Male,8.85
777,8.9,0.1,9.1,0.2,5.7,High,Male,7.85
778,8.8,1,9.3,0.5,4.4,High,Female,7.95
779,5.6,3.9,8.4,5.1,1,Low,Female,7.7
780,8,2.4,8.4,3,2.2,Moderate,Male,7.4
781,7.1,1.1,8.8,1.4,5.6,Moderate,Male,7.12
782,8.1,3,6.1,0.4,6.4,High,Male,8.43
783,5.7,2.4,9.2,0.3,6.4,Low,Female,6.72
784,7.4,3.7,6.7,2.8,3.4,Moderate,Female,8.4
785,5.1,0.3,6.3,0.2,12.1,Low,Female,6.38
786,7.7,0.7,6.5,4,5.1,Moderate,Male,8.85
787,9.8,0.2,9.5,2.6,1.9,High,Male,8.68
788,5.3,0.4,8,2,8.3,Low,Female,8.43
789,9.6,1.6,5.7,4.3,2.8,High,Female,8.72
790,8.5,3.6,9,2,0.9,High,Male,7.25
791,8.4,3.8,6.5,0,5.3,High,Female,7.7
792,8.3,2.5,8,0.1,5.1,High,Female,7.75
793,8.6,1.3,8.3,3.2,2.6,High,Male,7.78
794,5.5,3.3,9.6,3.6,2,Low,Female,6.88
795,5.5,1.6,8.6,4.7,3.6,Low,Male,6.6
796,6.3,0.1,7.7,5.1,4.8,Moderate,Male,8.05
797,9.8,2.3,7.6,0.4,3.9,High,Male,7.6
798,8,1.6,6.2,0.6,7.6,Moderate,Male,8.45
799,6.6,0.4,5.9,5.9,5.2,High,Male,8.18
800,9.4,4,7.9,2.2,0.5,High,Male,7.28
801,6.6,1.2,7,4,5.2,Moderate,Male,6.9
802,5.7,2.5,5.6,3.5,6.7,High,Female,7.7
803,8.5,2.8,8.8,3.4,0.5,High,Male,9.07
804,8.1,0.7,5.1,1.7,8.4,High,Male,8.02
805,7.2,2.5,9.2,1,4.1,Moderate,Female,7.68
806,7.9,2.2,5.4,0.3,8.2,High,Female,7.48
807,5.5,2.3,7.7,1.4,7.1,Low,Female,7.62
808,5.2,2,8.4,1.5,6.9,Low,Male,7.2
809,6.5,2.5,9.5,4.5,1,Moderate,Female,8.22
810,6.8,2.6,7.3,1.1,6.2,Moderate,Male,7.82
811,8.5,2.2,6.8,5.5,1,High,Male,7.68
812,8.4,1.6,8.8,2.4,2.8,High,Male,8.78
813,7.1,3.7,6.3,0.7,6.2,Moderate,Male,7.88
814,6.9,0.2,6.7,3,7.2,Moderate,Female,7.62
815,5.8,2.6,10,2.5,3.1,Low,Female,6.6
816,5.6,3.5,7.1,2.3,5.5,Low,Male,6.25
817,8.3,1.8,8.2,0.4,5.3,High,Male,8.32
818,5.8,1.9,8,3.5,4.8,Low,Male,7.25
819,7,1.4,5.6,2.4,7.6,High,Female,7.88
820,6,0.2,7.8,3.6,6.4,Moderate,Male,6.88
821,9.4,2.3,6.7,4.5,1.1,High,Male,8.12
822,7.8,3.6,7,1.7,3.9,Moderate,Female,7.98
823,5.7,0.6,7.2,3.6,6.9,Low,Female,7.4
824,9.1,0.3,7.4,3.8,3.4,High,Male,9.15
825,9.1,3.1,6.4,5.1,0.3,High,Female,8.62
826,7.9,3.7,8.4,1.9,2.1,Moderate,Female,6.7
827,9,3.8,5.1,5.9,0.2,High,Male,8.05
828,7.2,2.6,6.9,0.3,7,Moderate,Female,7.5
829,8,3.6,6.9,1.2,4.3,Moderate,Male,7.7
830,9.1,3.3,7.9,1.3,2.4,High,Female,8.38
831,9,2.2,9.1,2.3,1.4,High,Male,8.6
832,7.1,3.8,7.7,3.3,2.1,Moderate,Male,8.32
833,6.1,2.5,7.9,1.1,6.4,Moderate,Male,7.35
834,8.8,2.1,6.1,4,3,High,Female,8
835,5.4,1.8,5.8,1.1,9.9,High,Male,6.78
836,5.3,1.6,7.6,2.9,6.6,Low,Female,6.35
837,6.9,3.4,5.7,3,5,High,Male,8.43
838,9.4,2.2,9.8,0.1,2.5,High,Male,9.48
839,5.5,0.2,5.9,3.2,9.2,High,Female,6.85
840,9.7,3.4,6.5,0.3,4.1,High,Male,8.7
841,5.8,0.5,5.6,3.1,9,High,Male,6.82
842,9.9,2.7,9.7,0.2,1.5,High,Female,8.07
843,6.9,2.2,5.4,0,9.5,High,Male,8.18
844,7.1,2,7.1,0.1,7.7,Moderate,Male,8.35
845,6.7,0.7,5.5,5.7,5.4,High,Male,8.28
846,6.6,1.6,6.2,0.6,9,Moderate,Male,7.8
847,5.9,3.2,8.4,3.3,3.2,Low,Female,7.62
848,5.4,1.1,6.7,4.7,6.1,Low,Female,7
849,10,1,9.4,3,0.6,High,Male,8.5
850,7,3.9,5.9,4.8,2.4,High,Female,6.95
851,6.7,2.9,7.1,3.5,3.8,Moderate,Male,7.72
852,9.3,0.2,8.5,0.8,5.2,High,Female,8.72
853,7.1,2.2,7,3.1,4.6,Moderate,Male,7.18
854,5.7,0.6,9.7,5.3,2.7,Low,Male,7.95
855,9.5,4,6,1.6,2.9,High,Male,8.48
856,7.1,1.4,8,3.5,4,Moderate,Male,8.7
857,5.8,1.9,7.8,3.4,5.1,Low,Male,7.52
858,5.1,1.4,8.9,3.4,5.2,Low,Male,6.5
859,6.3,2.8,7.8,4.8,2.3,Moderate,Female,7.7
860,7.4,0.5,6.3,2.5,7.3,Moderate,Male,8.5
861,8,2.1,6.4,0,7.5,Moderate,Female,7.08
862,8.7,0.1,7.9,5.6,1.7,High,Male,8.25
863,5.9,1.9,5.5,3.8,6.9,High,Female,6.12
864,7.6,3.6,6,0.1,6.7,Moderate,Female,8.45
865,9.3,2.3,9.5,1.7,1.2,High,Female,8.35
866,8.7,3.7,7.9,0.7,3,High,Male,8.93
867,6.3,0.8,6.2,1.8,8.9,Moderate,Male,8.43
868,7.1,2.5,5.4,0.5,8.5,High,Female,8.32
869,5.9,2.1,6.1,1.7,8.2,Low,Male,7.82
870,5.1,2.6,8.3,4.8,3.2,Low,Female,6.72
871,9.7,0.1,5.8,5.3,3.1,High,Male,9.8
872,8.3,2.7,9.7,3.3,0,High,Female,7.38
873,8.6,1.1,9.4,0.2,4.7,High,Female,8.4
874,6.3,0.9,5.7,5.2,5.9,High,Male,7.25
875,7.5,2.7,6.2,4.5,3.1,Moderate,Female,7.42
876,7.1,0.8,9.9,3.9,2.3,Moderate,Male,8.2
877,9.7,1.2,8.9,3.2,1,High,Female,8.15
878,8.4,2.9,7.9,1,3.8,High,Female,8
879,7.5,1.2,7.1,3.9,4.3,Moderate,Male,7.4
880,7,1.1,6,4.7,5.2,Moderate,Male,8
881,9.5,1.5,8.8,3.8,0.4,High,Male,8.4
882,9.8,1.5,6.7,0.4,5.6,High,Female,8.85
883,7.4,0.4,6.2,1.9,8.1,Moderate,Male,7.9
884,6.5,3.4,9.3,3.7,1.1,Moderate,Female,7.55
885,5.7,2.8,9.7,4,1.8,Low,Female,7.15
886,8.2,2,5.6,1.9,6.3,High,Male,7.02
887,9,3.4,5.7,5.6,0.3,High,Male,8.98
888,8.8,3.2,9.7,0.7,1.6,High,Female,7.68
889,9.3,0.5,8.5,4.2,1.5,High,Female,7.92
890,9.4,0.7,5.3,4.3,4.3,High,Male,8.93
891,7.4,3.4,6.9,1,5.3,Moderate,Male,7.88
892,5.9,2.9,7.6,3.6,4,Low,Male,7.82
893,7.3,3.3,9.1,3.1,1.2,Moderate,Male,8.35
894,6.8,3.5,8.6,0.6,4.5,Moderate,Male,8.07
895,7,3.5,5.2,5.8,2.5,High,Female,8.15
896,6.4,1,9.7,1.8,5.1,Moderate,Female,8.12
897,8.9,1.6,5.7,0.1,7.7,High,Female,8.55
898,6.8,1.4,6.7,3.1,6,Moderate,Female,7.58
899,7.2,3.5,7.5,2.9,2.9,Moderate,Male,7.6
900,8.3,2.4,7.1,2.5,3.7,High,Male,8.05
901,8.9,0.8,9.1,3.4,1.8,High,Male,7.75
902,6.3,3,7.6,1.9,5.2,Moderate,Female,6.2
903,8,4,7.2,4.4,0.4,Moderate,Female,7.78
904,6,1.7,6.1,0,10.2,Moderate,Male,7.18
905,9.6,3.4,8.7,0.4,1.9,High,Male,8.75
906,7.2,0.5,7.6,2.1,6.6,Moderate,Female,7.78
907,6.9,2.5,8.6,0.7,5.3,Moderate,Female,8.22
908,6.7,1.8,8.4,3.1,4,Moderate,Male,7.3
909,9.3,3.5,5,4.7,1.5,High,Male,8.62
910,7.4,3.9,8.8,1,2.9,Moderate,Female,7.78
911,7.7,4,9.3,0.3,2.7,Moderate,Male,7.4
912,5,1.6,6.2,4.9,6.3,Low,Male,7.52
913,6.7,3.3,5,1.8,7.2,High,Male,7.12
914,5.3,0.7,7.8,1.7,8.5,Low,Female,6.6
915,7.1,1.5,9.4,5.4,0.6,Moderate,Female,6.62
916,5.5,3.8,5.3,1.8,7.6,High,Female,7.02
917,6.5,1.3,5.8,4.7,5.7,High,Female,7.6
918,5.6,0.3,9.5,1.1,7.5,Low,Female,6.65
919,9.1,2.2,5.4,5.7,1.6,High,Female,8.7
920,5.8,3.4,5.1,3.1,6.6,High,Female,6.98
921,8.8,3.7,9.5,1.6,0.4,High,Male,8.22
922,6.4,1.2,6.9,2.4,7.1,Moderate,Male,7.5
923,7.7,0.6,8.5,1,6.2,Moderate,Male,7.9
924,9,3,8.2,0.6,3.2,High,Male,7.4
925,7.7,0.3,6.9,2.5,6.6,Moderate,Male,7.7
926,5.9,1.6,9.7,0.8,6,Low,Male,7.15
927,8.8,0.4,9.9,1.9,3,High,Male,7.98
928,8.1,0.8,5.7,5.6,3.8,High,Female,8.62
929,9.6,3.5,8.1,2.3,0.5,High,Female,8.5
930,6.6,2.5,6.8,0.9,7.2,Moderate,Male,7.2
931,8,3.3,6.9,0.8,5,Moderate,Male,7.7
932,6.5,2.6,8,4.2,2.7,Moderate,Female,7.08
933,6.8,3.3,6,2.8,5.1,Moderate,Male,7.3
934,5.5,3.5,6.7,4.1,4.2,Low,Male,7.3
935,5.1,2.8,6.6,0.3,9.2,Low,Female,6.22
936,6.9,0.3,5.7,1.8,9.3,High,Male,7.88
937,5.4,3.6,5,2.9,7.1,High,Female,6.85
938,9.6,0.6,9.8,0.8,3.2,High,Male,8.22
939,8.7,2.2,9.4,2,1.7,High,Female,7.58
940,5.8,3.7,6.6,2.2,5.7,Low,Female,7.25
941,8.8,1.4,9.8,3,1,High,Female,8.78
942,5.2,1,7.3,1.4,9.1,Low,Male,7.08
943,8.7,3.7,7.1,1.5,3,High,Female,8.22
944,7.4,1.4,9.5,3.2,2.5,Moderate,Male,8.05
945,8.8,3.2,6.7,2.3,3,High,Male,8.1
946,9,3.8,8.1,2.3,0.8,High,Male,8.88
947,9,3.4,7,0.2,4.4,High,Male,9.2
948,7.3,3,6.8,3.8,3.1,Moderate,Female,7.28
949,5.9,3,7.7,1.2,6.2,Low,Female,7.72
950,7.4,0.9,9.8,4.2,1.7,Moderate,Male,7.35
951,9.8,1.7,7.4,4.6,0.5,High,Male,9.6
952,6.3,1.8,5.6,1.2,9.1,High,Female,7.48
953,5,0.2,9.9,1.5,7.4,Low,Male,7.35
954,7.8,0.6,8.6,3.6,3.4,Moderate,Female,8.15
955,8.7,3.1,9.9,1.3,1,High,Male,8.88
956,5.3,3.6,5.6,2,7.5,High,Male,6.32
957,9.1,2.4,7,2.6,2.9,High,Female,8.2
958,9.3,0.4,8.9,4.6,0.8,High,Male,8.95
959,5.9,1.7,5.8,4.2,6.4,High,Female,8.3
960,6,0.8,5.2,1.9,10.1,High,Male,7.52
961,7.8,3.4,8.3,2,2.5,Moderate,Male,7.95
962,6.3,0.2,8.6,0.7,8.2,Moderate,Male,7.75
963,6.5,2.1,7.8,3.6,4,Moderate,Female,7.25
964,8.1,3.9,8.6,3.1,0.3,High,Male,7.48
965,8.8,2.4,6,4,2.8,High,Male,8.98
966,7.4,2.1,6.7,3.1,4.7,Moderate,Male,8.6
967,6,3.2,5.9,0.5,8.4,High,Male,8.2
968,7.2,1.1,7.8,2.1,5.8,Moderate,Female,7.32
969,9.7,3.7,7.5,1,2.1,High,Female,7.6
970,9.6,0,7.8,4.4,2.2,High,Male,8.45
971,7.4,0.3,9.9,3.1,3.3,Moderate,Female,7.1
972,7.4,1.7,5.4,0.6,8.9,High,Male,8.07
973,9.2,1,6,3,4.8,High,Male,7.95
974,5.2,0.2,9.2,0.7,8.7,Low,Male,7.05
975,5.2,1.8,9.2,1.6,6.2,Low,Female,6.7
976,7.2,2.3,7.9,2,4.6,Moderate,Female,7.65
977,6.6,0.4,6.8,0.6,9.6,Moderate,Female,8.28
978,6.4,2.5,7.3,2.9,4.9,Moderate,Female,7.8
979,8.8,1.1,6.6,5.5,2,High,Female,8.3
980,9.6,2.4,7.7,1.1,3.2,High,Female,8.25
981,6.7,3.4,7.8,3.1,3,Moderate,Female,7.45
982,8,0.3,8.4,5.6,1.7,Moderate,Female,8.2
983,7.9,0.5,7.9,4.6,3.1,Moderate,Female,8.45
984,8.2,3.6,8.1,0.5,3.6,High,Male,7.95
985,6.5,0.8,9.5,4.6,2.6,Moderate,Female,6.85
986,5.9,3,7.4,1.4,6.3,Low,Female,7.75
987,8.1,0.2,6.6,2.8,6.3,High,Female,7.85
988,6,3.1,7.1,3.4,4.4,Moderate,Female,7.1
989,5.1,0.1,7.2,4.9,6.7,Low,Female,7.35
990,6.9,3.3,5.7,5.6,2.5,High,Female,7.62
991,8.8,3.8,8.4,1.1,1.9,High,Female,8.25
992,6.7,2.8,8.8,5.3,0.4,Moderate,Female,7.62
993,6,3.2,8.7,0.4,5.7,Moderate,Female,6.5
994,6.5,3.9,8.2,3.9,1.5,Moderate,Female,7.05
995,9.9,1.5,9,1.6,2,High,Female,8.6
996,9.7,0.9,6.6,4.5,2.3,High,Male,8.75
997,7,2.4,7.2,4.5,2.9,Moderate,Male,7.5
998,5.8,1.4,7,0.3,9.5,Low,Female,6.22
999,7.9,3.5,5.8,3.6,3.2,High,Female,7.52
1000,8.5,1.6,7.5,0,6.4,High,Male,9.07
1001,8.5,2.6,5.2,2.2,5.5,High,Female,8.15
1002,7.5,3.6,8.6,2.5,1.8,Moderate,Male,7.98
1003,9,3.5,7.3,2,2.2,High,Male,8.57
1004,8.5,0.3,9.3,2.8,3.1,High,Male,8.15
1005,5.3,2.2,7.1,5.3,4.1,Low,Male,7.25
1006,7.8,0.2,9.9,3.1,3,Moderate,Male,7.68
1007,6.5,1.9,9.3,1.8,4.5,Moderate,Female,7.3
1008,6.5,3.1,7.4,1.4,5.6,Moderate,Male,7.32
1009,5.8,1.3,9.7,2.1,5.1,Low,Female,7.18
1010,5.9,3.6,7.3,4.3,2.9,Low,Female,7.38
1011,9.9,0.2,5.5,4.3,4.1,High,Male,8.3
1012,5.2,0.1,8.9,0.8,9,Low,Male,6.65
1013,7.3,2.4,7.1,0.2,7,Moderate,Female,7.92
1014,7.2,2.1,7.4,2.3,5,Moderate,Male,7.82
1015,9.4,3.6,6.7,2.6,1.7,High,Male,7.02
1016,6.4,3.8,5.7,3.5,4.6,High,Female,7.68
1017,6.4,1.1,7,6,3.5,Moderate,Female,7.45
1018,5.4,0.6,7.2,3.1,7.7,Low,Male,6.7
1019,6.3,1.3,5.4,1.8,9.2,High,Female,7.75
1020,9.5,0,9.1,5.1,0.3,High,Male,7.62
1021,5.5,0.6,9.8,3.2,4.9,Low,Male,8
1022,8.7,4,6.4,2.6,2.3,High,Male,8.02
1023,7.7,1.6,5.8,5.9,3,High,Female,7.88
1024,8,0.9,7.7,4.2,3.2,Moderate,Female,8.6
1025,7.6,4,8.1,1.6,2.7,Moderate,Female,7.55
1026,6.9,1.4,7.2,4.7,3.8,Moderate,Female,7.85
1027,7.4,3.2,7.9,1.9,3.6,Moderate,Female,7.48
1028,6.1,2,6.3,0.1,9.5,Moderate,Male,7.62
1029,8.2,2,7.2,5.8,0.8,High,Male,8.62
1030,5.7,2.3,9.3,3.5,3.2,Low,Male,7.25
1031,8.6,1.5,5.5,2.7,5.7,High,Male,8.72
1032,6.2,3.9,9.8,1,3.1,Moderate,Female,7.18
1033,6.7,3.6,9.8,1.7,2.2,Moderate,Male,7.65
1034,8.4,1.1,8.7,0.3,5.5,High,Female,7.15
1035,5.2,1.5,6.8,1.9,8.6,Low,Male,5.95
1036,6,1.2,9.9,2.5,4.4,Moderate,Female,7.2
1037,7.2,2.3,9.9,1.1,3.5,Moderate,Female,8.28
1038,8,0.4,8.4,0.4,6.8,Moderate,Male,8.48
1039,8,3,6.1,5,1.9,Moderate,Male,7.25
1040,5.7,3.8,5.4,1.2,7.9,High,Male,7.02
1041,6.7,2.5,7.7,0.8,6.3,Moderate,Male,7.02
1042,6.1,1.6,8.5,1.3,6.5,Moderate,Female,6.9
1043,6.8,1.6,9.9,5.4,0.3,Moderate,Male,7.22
1044,5.3,1.3,6.3,3,8.1,Low,Male,7.35
1045,8.9,3.4,9.2,0.9,1.6,High,Female,7.78
1046,5.3,2.8,5,2.5,8.4,High,Male,7.55
1047,6.6,2.8,8.8,1.8,4,Moderate,Male,7.18
1048,7.2,2.9,8.5,5.3,0.1,Moderate,Male,8.15
1049,6.1,2.6,8,5.5,1.8,Moderate,Male,7.52
1050,7.8,1.1,7.4,2,5.7,Moderate,Male,7.6
1051,7.9,3.6,7.8,3,1.7,Moderate,Female,7.62
1052,6.2,2,6.6,1.1,8.1,Moderate,Male,7.35
1053,7.5,1.3,6.3,2.8,6.1,Moderate,Male,8.02
1054,5.5,3.1,9,4.6,1.8,Low,Male,7.42
1055,5.6,2.6,9.2,3.5,3.1,Low,Male,6.8
1056,7.6,0.1,8.2,0.5,7.6,Moderate,Male,8.9
1057,7.2,1.2,7.7,0.8,7.1,Moderate,Female,8.2
1058,5.8,0.4,5.7,5.3,6.8,High,Male,7.5
1059,7.6,1.9,5.5,3.9,5.1,High,Female,7.92
1060,8.1,0.3,5.6,0.3,9.7,High,Female,8.12
1061,6.3,0.5,6.3,2.3,8.6,Moderate,Male,7.42
1062,9.2,2.8,5.6,4.4,2,High,Male,8.75
1063,6.4,2.6,6.7,6,2.3,Moderate,Male,6.95
1064,9.7,0.1,8.5,4.1,1.6,High,Male,8.15
1065,9.2,3.9,9.9,0.1,0.9,High,Female,8.7
1066,8.2,0.5,8.3,5.9,1.1,High,Male,8.6
1067,9.6,1.8,5.2,2.2,5.2,High,Male,8.88
1068,7.3,0.2,7.1,2.8,6.6,Moderate,Male,8.18
1069,9.6,2.6,6.6,2.7,2.5,High,Male,8.43
1070,6.8,2.7,8.3,4.3,1.9,Moderate,Male,6.45
1071,6.3,1.3,5.6,3.9,6.9,High,Male,7.42
1072,9.3,3.6,7.2,1.8,2.1,High,Female,8.25
1073,5.4,2.7,9.1,1.5,5.3,Low,Female,7.6
1074,9.4,1,7.8,1.1,4.7,High,Male,8.4
1075,5.5,3.6,9.1,4.4,1.4,Low,Male,6.1
1076,7.7,0.4,8.8,3.5,3.6,Moderate,Male,7.5
1077,5.9,0.8,5.9,0.3,11.1,High,Female,7.78
1078,5.1,0.2,7.9,4.9,5.9,Low,Male,7.05
1079,6.6,1.4,8,1.6,6.4,Moderate,Female,8.07
1080,8.7,2.7,6,2.1,4.5,High,Male,9.18
1081,5.6,0.5,8.4,5.2,4.3,Low,Male,7.15
1082,5.9,0.4,9.1,3.5,5.1,Low,Male,7.4
1083,8.1,3.1,8.5,3.6,0.7,High,Male,7.8
1084,8.2,1.3,9.8,0.2,4.5,High,Female,8.45
1085,7.9,0.7,8.6,1.1,5.7,Moderate,Female,7.95
1086,9.6,0.8,5.7,4.6,3.3,High,Male,7.8
1087,7.5,3.6,5.7,3.9,3.3,High,Male,7.52
1088,8.4,2.4,8.8,1.4,3,High,Female,7.92
1089,7.2,1.6,9.9,1.5,3.8,Moderate,Female,7.22
1090,7.8,1,9.6,1.5,4.1,Moderate,Female,7.25
1091,9.5,0.4,8.3,5.3,0.5,High,Female,8.9
1092,8.4,1.2,5.9,1.8,6.7,High,Male,8.12
1093,5.5,0.6,5.5,2.5,9.9,High,Female,6.85
1094,5.7,2.6,6,0.6,9.1,Low,Male,7.3
1095,5.8,3.7,9.1,1.9,3.5,Low,Female,7.42
1096,8.4,2.7,8.1,1.3,3.5,High,Female,9.2
1097,5.2,1.8,9.5,3.4,4.1,Low,Female,7.2
1098,8.4,3.9,9.9,1.2,0.6,High,Female,7.7
1099,6.2,3.2,5.5,4.7,4.4,High,Female,7.22
1100,8.2,1.7,7.2,1.9,5,High,Male,8.45
1101,8.8,3.7,9.7,0.3,1.5,High,Male,8.48
1102,6.3,0.3,6.3,5.5,5.6,Moderate,Female,7.65
1103,8.2,2.9,6.3,4.3,2.3,High,Female,8.02
1104,8.1,0.6,9.1,1.4,4.8,High,Male,7.88
1105,8.3,1.6,8,0.6,5.5,High,Female,8.5
1106,10,0.8,6.3,4,2.9,High,Female,8.48
1107,9.8,3.7,7.5,2.4,0.6,High,Male,8.38
1108,6.4,3.3,6.9,0.5,6.9,Moderate,Female,7.25
1109,6.7,3.9,8.1,2.2,3.1,Moderate,Female,7.22
1110,5.4,0.2,5.6,3.5,9.3,High,Male,7.45
1111,9.6,2,9.2,1.4,1.8,High,Male,9.1
1112,5.9,1.4,8.2,0.4,8.1,Low,Male,7.68
1113,6.8,2.1,10,2.4,2.7,Moderate,Female,7.4
1114,9,2.4,9.4,1.3,1.9,High,Male,9.02
1115,8,2.5,7.1,0.9,5.5,Moderate,Male,7.82
1116,6.1,2.9,6.6,3,5.4,Moderate,Male,7.52
1117,5.8,3.8,9.3,4.4,0.7,Low,Male,7.9
1118,5.7,0,5.1,3.5,9.7,High,Male,6.88
1119,7.3,2.1,5,2.5,7.1,High,Male,7.5
1120,8.7,0.9,9.1,3.1,2.2,High,Female,9.12
1121,6.1,0.9,8.1,5,3.9,Moderate,Female,6.52
1122,9.3,2.7,7.2,2.3,2.5,High,Male,8.22
1123,6,2.5,6.8,6,2.7,Moderate,Male,6.25
1124,7.8,3.7,9,1.6,1.9,Moderate,Male,6.5
1125,8.6,2.3,7.5,1.1,4.5,High,Female,7.42
1126,9.6,1.3,9.8,1.8,1.5,High,Female,8.48
1127,8.2,2.2,5.6,2.3,5.7,High,Female,8.2
1128,7.2,3.1,6.1,1,6.6,Moderate,Female,7.3
1129,7,3.7,8.6,2,2.7,Moderate,Female,7.2
1130,9.9,2.7,6.4,2.9,2.1,High,Female,8.72
1131,5.5,3.9,5.9,3.9,4.8,High,Female,7.48
1132,8.9,2.7,8.1,3.8,0.5,High,Female,7.85
1133,5.4,1.3,6.2,5.9,5.2,Low,Female,7.75
1134,8.4,0.8,6.2,1.7,6.9,High,Male,7.8
1135,7.1,0.9,5.1,5.3,5.6,High,Male,7.62
1136,6.7,0,8.4,5,3.9,Moderate,Male,7.62
1137,5.7,0.6,9,3.7,5,Low,Male,7.2
1138,6.5,1.5,8.8,4.9,2.3,Moderate,Female,7.2
1139,7,3.8,7,4.6,1.6,Moderate,Female,8.1
1140,9.5,0.3,9.7,3.7,0.8,High,Male,8.55
1141,9,0.8,9,4.4,0.8,High,Female,8.43
1142,5.2,0.6,7.7,3.5,7,Low,Male,6.92
1143,8.2,0.1,9.8,0.3,5.6,High,Female,8.43
1144,8.3,3.3,5.1,3.3,4,High,Male,8.18
1145,7.3,2,5.4,4.1,5.2,High,Female,8.52
1146,7.4,0.6,8.2,1,6.8,Moderate,Female,7.78
1147,9.4,2.5,5.8,5.8,0.5,High,Male,8.12
1148,8.1,1,9,4.8,1.1,High,Female,8.05
1149,9.9,2,7.3,3.6,1.2,High,Male,8.78
1150,7.7,0.4,7.1,5.1,3.7,Moderate,Male,7.35
1151,9.3,0.4,5.5,1.6,7.2,High,Male,8.22
1152,8.1,1.4,8.9,1.3,4.3,High,Male,8.18
1153,8.2,0.9,8.6,5.2,1.1,High,Female,7.58
1154,7.1,0.6,8.5,4.6,3.2,Moderate,Female,7.78
1155,5.5,2,9.1,5.6,1.8,Low,Female,7.38
1156,7.7,1.6,9.2,2.7,2.8,Moderate,Male,7.9
1157,7.4,2,9.2,4.5,0.9,Moderate,Female,6.92
1158,7.5,2.3,6.2,4.8,3.2,Moderate,Male,7.32
1159,7.4,1.3,5.5,1.4,8.4,High,Female,7.72
1160,5.8,1.8,6.5,0.2,9.7,Low,Female,7.3
1161,6.6,2.2,7.8,2.1,5.3,Moderate,Female,7.72
1162,6.9,1,6.2,2.7,7.2,Moderate,Male,7.55
1163,8.8,0.8,8.5,0.1,5.8,High,Female,9.02
1164,6.7,2.3,6,4.5,4.5,Moderate,Female,7.3
1165,5.3,3.4,6,5.2,4.1,Low,Male,7.65
1166,6.6,3.6,5.6,1.1,7.1,High,Female,7.05
1167,7.5,0.3,6,5.7,4.5,Moderate,Male,7.78
1168,9.6,2.2,6.3,4.1,1.8,High,Female,8.72
1169,8.3,4,6.3,3.6,1.8,High,Male,8.4
1170,7.5,1.2,5.8,1.7,7.8,High,Male,8.12
1171,6.9,3,7.7,0.5,5.9,Moderate,Female,7.92
1172,8.2,3.2,7.3,1.9,3.4,High,Male,8
1173,5.5,3.5,8.9,1,5.1,Low,Male,5.75
1174,8.1,3.8,7.9,2.3,1.9,High,Male,9.3
1175,5.3,0.3,5.9,0.2,12.3,High,Male,7.42
1176,5.7,3.3,5.8,1.8,7.4,High,Male,7.6
1177,6.2,1.5,6.3,2.9,7.1,Moderate,Male,7.42
1178,5.3,0.6,5.3,3.8,9,High,Female,6.98
1179,5.3,3.3,7.6,3.2,4.6,Low,Male,6.38
1180,6,1.3,8,1.3,7.4,Moderate,Male,7.38
1181,5.6,3.9,5.1,4.8,4.6,High,Female,6.75
1182,5.7,0.6,8.5,3.9,5.3,Low,Female,7.62
1183,8.9,3.7,8.5,0.5,2.4,High,Female,8.65
1184,6,0.3,8.5,2.4,6.8,Moderate,Female,7.02
1185,9.6,2.6,5.5,5.7,0.6,High,Female,8.2
1186,7,0.2,7.5,0.7,8.6,Moderate,Female,7.02
1187,7,1.4,8.9,4.8,1.9,Moderate,Female,7.42
1188,6.9,0.6,9,4.2,3.3,Moderate,Male,7.08
1189,6,1.5,5.5,3.8,7.2,High,Male,7
1190,7.9,3.6,7.8,0.8,3.9,Moderate,Female,8.62
1191,6.9,3.4,8.2,3.6,1.9,Moderate,Male,8.43
1192,8.8,2.4,5.8,4.8,2.2,High,Male,8.45
1193,8.6,0.3,7.3,1,6.8,High,Male,8.78
1194,8.1,2.7,9.2,0.9,3.1,High,Female,6.95
1195,5.6,3.4,5.8,5.8,3.4,High,Female,7.1
1196,9.9,0.4,6.5,3.8,3.4,High,Male,9.32
1197,6.8,3.7,5.3,3.3,4.9,High,Female,8.43
1198,6.3,1.5,9.2,1.2,5.8,Moderate,Male,7.88
1199,9.1,2.3,8.8,2.7,1.1,High,Male,8.57
1200,9.3,1.7,9.8,1.4,1.8,High,Male,7.8
1201,5.7,1.6,9.8,1.9,5,Low,Male,6.8
1202,8.6,1.2,8.9,2.3,3,High,Female,8.1
1203,7.4,3.1,6.9,2.7,3.9,Moderate,Female,7.05
1204,7.6,3.2,6.8,3.1,3.3,Moderate,Female,7.18
1205,8.4,1.1,6.4,5.6,2.5,High,Male,8.43
1206,8.2,0.1,8.1,3.1,4.5,High,Female,8.9
1207,7.7,1.4,5.4,1.2,8.3,High,Male,7.82
1208,7.3,0.2,5.2,4.3,7,High,Female,8.02
1209,7.7,2,6.2,4.5,3.6,Moderate,Male,7.68
1210,7.3,1.1,6.2,3.9,5.5,Moderate,Male,7.5
1211,8.3,3.3,7.1,0.4,4.9,High,Male,8.9
1212,5,2.1,5.2,3.4,8.3,High,Female,7.25
1213,9.6,3.9,7.7,1.3,1.5,High,Female,8.68
1214,5.3,1.9,6.2,2.8,7.8,Low,Female,7.18
1215,7.3,2.3,6.8,1,6.6,Moderate,Female,8.38
1216,8.3,1.4,9.7,4.2,0.4,High,Male,8.12
1217,6,0.2,8.7,5,4.1,Moderate,Female,7.6
1218,5.1,1,7.3,3.8,6.8,Low,Female,8.1
1219,7.8,3,6.4,3.4,3.4,Moderate,Male,7.85
1220,8.8,2.8,10,0.7,1.7,High,Male,7.9
1221,7.5,1.3,7.2,5.1,2.9,Moderate,Male,8.18
1222,6,3.5,5.3,5.3,3.9,High,Female,7.42
1223,6.6,1.3,7.6,5.6,2.9,Moderate,Male,7.4
1224,9.3,1.6,6,2.5,4.6,High,Male,8.28
1225,6.9,3.7,8.8,2.3,2.3,Moderate,Male,7.58
1226,5.3,1,7.2,0.9,9.6,Low,Female,7.12
1227,9.7,3.1,6.3,2.9,2,High,Male,8.75
1228,9.4,2.1,8.9,2,1.6,High,Female,8.57
1229,7.8,0.5,5.6,3.2,6.9,High,Female,8.4
1230,9.8,1.9,5.3,3.3,3.7,High,Male,9.82
1231,9.2,4,7.2,1.2,2.4,High,Male,7.75
1232,5.2,1.4,6.3,4.1,7,Low,Female,7.8
1233,9.7,1.1,9.1,0.2,3.9,High,Male,8.25
1234,9.7,3.1,8.3,2.4,0.5,High,Male,8.68
1235,8.2,3.9,8.6,3.1,0.2,High,Female,7.55
1236,7.6,0.5,8,2.9,5,Moderate,Female,7.88
1237,8.1,0,6,2.9,7,High,Male,7.98
1238,7.1,2.9,8,1.8,4.2,Moderate,Female,7.92
1239,7.1,0.9,9.8,0.8,5.4,Moderate,Male,7.52
1240,6.1,3.1,6,0.5,8.3,Moderate,Male,7.25
1241,7.4,0,5.4,4.8,6.4,High,Male,7.85
1242,9.3,2.7,5.3,4.7,2,High,Female,8.52
1243,9.2,3.2,7.5,1,3.1,High,Male,8.7
1244,9.9,0.6,6.1,1.3,6.1,High,Male,9.07
1245,9,0.7,5.3,6,3,High,Male,8.9
1246,7.8,3.6,9.6,0,3,Moderate,Female,7.72
1247,5.4,1,8.3,5.3,4,Low,Female,8.18
1248,5.9,3.2,9.8,1.4,3.7,Low,Female,6.78
1249,7.5,0.3,7.8,3,5.4,Moderate,Female,7.72
1250,6.7,2.1,7.9,0.1,7.2,Moderate,Female,6.95
1251,8.8,2.9,6.8,0.3,5.2,High,Male,7.92
1252,5.9,2.3,5.8,2.1,7.9,High,Female,6.65
1253,8.5,2.2,6.9,2.5,3.9,High,Female,8.12
1254,5.4,3.5,5.4,4.2,5.5,High,Female,7.02
1255,9.6,1.1,6.9,3.4,3,High,Male,8.43
1256,8.3,1.6,7.4,0.3,6.4,High,Female,8.22
1257,6,3.2,7.3,1.8,5.7,Moderate,Female,7.78
1258,8.7,1.1,5.6,1.5,7.1,High,Male,8.1
1259,9.6,2.3,7.7,2.6,1.8,High,Female,9.18
1260,7.6,0.5,5.6,3.2,7.1,High,Male,7.6
1261,9.7,1.2,9.3,2.9,0.9,High,Male,8.78
1262,6,1.5,7.5,4.4,4.6,Moderate,Male,7
1263,5.6,1.6,7.4,3.2,6.2,Low,Male,6.88
1264,9,2.8,7.8,3.1,1.3,High,Male,8.57
1265,7.1,0.6,8.3,3.1,4.9,Moderate,Female,6.98
1266,9.5,2.3,5.4,2.7,4.1,High,Male,9.18
1267,8.8,3.2,7.5,4,0.5,High,Male,8
1268,9.5,3.6,8.4,2.1,0.4,High,Female,7.78
1269,5.4,3.5,6.6,1.1,7.4,Low,Male,6.8
1270,6.3,1.3,5.7,1.8,8.9,High,Female,6.62
1271,7.9,1.8,6.7,4.5,3.1,Moderate,Female,8.1
1272,6.7,3,5.8,0.8,7.7,High,Female,7.72
1273,6.7,3.2,6.2,0.4,7.5,Moderate,Male,6.85
1274,7.8,2.1,8.3,1.4,4.4,Moderate,Male,8.28
1275,9.3,1.2,8.5,0.1,4.9,High,Male,7.75
1276,7.7,0.3,9,1.3,5.7,Moderate,Female,7.25
1277,8.4,3.2,7.8,3.4,1.2,High,Male,7.55
1278,9,1.2,7.9,4.4,1.5,High,Male,9.05
1279,6.9,1.2,7.3,4.9,3.7,Moderate,Male,7.62
1280,8.3,3.6,5.5,1.4,5.2,High,Female,8.5
1281,8.5,3.3,9.3,1.2,1.7,High,Female,8.12
1282,6.2,1.2,8.9,0.5,7.2,Moderate,Male,6.9
1283,9.1,1.7,8,0.5,4.7,High,Male,8.07
1284,9.8,3.2,7.3,0.8,2.9,High,Male,8.55
1285,9.7,1.4,5.8,3.4,3.7,High,Male,9.18
1286,7.4,4,8.4,0.3,3.9,Moderate,Female,7.88
1287,10,1.6,6.4,3.3,2.7,High,Female,8.48
1288,5,1.8,9.2,3.4,4.6,Low,Female,6.75
1289,10,1.1,6.4,1,5.5,High,Female,8.5
1290,9,3.6,9.9,0.3,1.2,High,Male,7.98
1291,9.4,1.3,5.6,5.2,2.5,High,Male,8
1292,7.1,1.1,8.7,2.7,4.4,Moderate,Male,7.88
1293,9.9,0.2,6.8,2.9,4.2,High,Female,7.72
1294,8.6,3.5,9.7,1.8,0.4,High,Male,8.25
1295,9.3,2.2,9.1,1,2.4,High,Female,7.68
1296,7.3,1.1,9.8,1.8,4,Moderate,Female,7.28
1297,5.5,2.1,5.3,0.7,10.4,High,Male,6.98
1298,7.2,3.2,8.7,2.1,2.8,Moderate,Male,6.95
1299,6.7,1.3,8.9,0.3,6.8,Moderate,Male,6.98
1300,6.2,3.7,9.3,3.4,1.4,Moderate,Female,7.3
1301,7.4,2.1,9.9,4.4,0.2,Moderate,Male,8.07
1302,6,0.9,8.4,2.4,6.3,Moderate,Female,6.98
1303,9.7,0.4,7.6,5.5,0.8,High,Male,9.32
1304,5.8,3.9,9.6,0.8,3.9,Low,Female,6.42
1305,5.6,0.3,9.5,1.2,7.4,Low,Female,6.42
1306,8,0.3,6.1,5.6,4,Moderate,Male,6.9
1307,9.5,3.1,5.1,2,4.3,High,Female,7.85
1308,9.5,2.5,5.4,5.5,1.1,High,Female,8.98
1309,9.8,0.3,7.7,1.8,4.4,High,Male,8.07
1310,7.9,3.8,7.5,0.4,4.4,Moderate,Female,7.78
1311,8.1,1.4,9.3,2.3,2.9,High,Male,7.78
1312,8.8,1.1,8.8,1.1,4.2,High,Female,8.05
1313,6.6,1.9,9.7,5.4,0.4,Moderate,Male,7.2
1314,5.7,2,7.3,5.4,3.6,Low,Male,6.55
1315,9.7,1.5,7.5,4.8,0.5,High,Female,8.25
1316,6.1,0.8,5.2,3.9,8,High,Female,6.4
1317,6.3,0.2,6.2,4.8,6.5,Moderate,Female,7.32
1318,7.1,3.9,6,1.3,5.7,Moderate,Female,8.25
1319,6.5,0.7,6.9,5.5,4.4,Moderate,Female,6.78
1320,9.7,0.2,6.1,3.4,4.6,High,Male,9.52
1321,8.1,0.2,7,3.9,4.8,High,Female,8.52
1322,6.6,0.4,7.1,0.8,9.1,Moderate,Male,8.18
1323,9.7,1.9,6.6,4.4,1.4,High,Male,7.65
1324,9.1,3.5,8.4,0.1,2.9,High,Female,8.4
1325,7.8,3.1,5.7,1.4,6,High,Male,7.85
1326,7.2,0,9.1,2.2,5.5,Moderate,Male,8.52
1327,7.7,2.7,8.5,4.9,0.2,Moderate,Male,6.7
1328,9.8,2.6,6.5,0.6,4.5,High,Male,9.05
1329,9.2,1.4,8.3,2.4,2.7,High,Female,8.68
1330,5.3,1.7,7.7,2.6,6.7,Low,Male,6.35
1331,8.7,3.3,8.9,0.1,3,High,Female,8.35
1332,9.7,3.3,9.2,0.5,1.3,High,Female,7.95
1333,7.1,1.9,5.8,0.2,9,High,Male,7.55
1334,9.6,2.3,8.3,3.5,0.3,High,Female,8.52
1335,6.7,2.5,5.2,1.1,8.5,High,Female,7.78
1336,6.8,1.5,7.7,0,8,Moderate,Female,7.88
1337,6.2,0.8,6.3,4.8,5.9,Moderate,Male,6.9
1338,7.5,3.5,6.2,0.5,6.3,Moderate,Female,7.5
1339,6.8,3,7.8,4.9,1.5,Moderate,Female,7.48
1340,5.2,3.9,6.9,0.9,7.1,Low,Female,8.2
1341,8.3,1.1,7.9,3.5,3.2,High,Male,8.72
1342,6.3,1.8,7.7,4,4.2,Moderate,Female,7.28
1343,8.9,1.6,8.2,0.8,4.5,High,Male,8.25
1344,8.6,0.1,6,2.9,6.4,High,Male,8.55
1345,9.4,2.1,9.6,1.4,1.5,High,Male,8
1346,9,1,9.5,4.1,0.4,High,Male,8.35
1347,9.7,2.1,8.4,3,0.8,High,Male,8.78
1348,5.2,2,5.8,1.1,9.9,High,Male,6.45
1349,6.8,1.7,8.1,0.4,7,Moderate,Female,6.88
1350,7.9,2.5,7.8,4.3,1.5,Moderate,Male,7.98
1351,6.7,3.1,7.2,2.9,4.1,Moderate,Female,8.1
1352,6.5,0.3,5.5,5.5,6.2,High,Female,8.2
1353,8.4,0.5,6.8,3.6,4.7,High,Male,8.35
1354,5,0.8,9.8,3.7,4.7,Low,Female,6.72
1355,6.3,0.3,5.1,1.5,10.8,High,Female,7.25
1356,8.6,3.7,7,0.9,3.8,High,Female,8.7
1357,7.6,3.6,9,0.3,3.5,Moderate,Female,8.18
1358,9.5,0.5,7.7,5.3,1,High,Male,9.45
1359,7.1,1.9,5.4,1.7,7.9,High,Female,7.85
1360,6.4,1.8,8.4,1,6.4,Moderate,Male,7.32
1361,7.4,3,9.3,2.7,1.6,Moderate,Female,7.38
1362,9.7,0.5,8.9,1.3,3.6,High,Female,8.82
1363,9.7,2.9,8.8,0.6,2,High,Male,9.68
1364,8.8,0.4,9.8,4.5,0.5,High,Female,7.8
1365,6.4,3.3,7.6,2.8,3.9,Moderate,Female,7.78
1366,8.6,1.6,8.1,4,1.7,High,Female,7.35
1367,8.6,0.2,9.3,2.7,3.2,High,Male,7.78
1368,7.4,3.5,6.9,4.5,1.7,Moderate,Female,7.38
1369,5.5,1.9,10,4.6,2,Low,Male,7.08
1370,6.2,1.6,8.9,4.6,2.7,Moderate,Female,6.58
1371,6.1,3.7,8,2.3,3.9,Moderate,Male,8.52
1372,7.8,1.9,7.5,1.1,5.7,Moderate,Male,7.95
1373,9.1,2.2,5.7,4.6,2.4,High,Female,7.92
1374,7.6,0.5,9.7,1.1,5.1,Moderate,Female,7.68
1375,6.3,1.6,6.9,4.8,4.4,Moderate,Male,6.72
1376,6.3,2,5.7,3.7,6.3,High,Male,7.28
1377,7.8,2.9,9.7,3.3,0.3,Moderate,Female,7.72
1378,9.5,3.9,9.3,0.1,1.2,High,Male,8.2
1379,9.7,1.7,5,2.7,4.9,High,Female,8.68
1380,6.7,1.9,8.1,5.2,2.1,Moderate,Female,7.2
1381,8.3,1.7,9.1,4.4,0.5,High,Female,8.15
1382,6.4,0.2,8.3,5.2,3.9,Moderate,Female,6.88
1383,5.8,3.2,9.3,5.2,0.5,Low,Male,7.4
1384,6.6,2.2,5.3,0.3,9.6,High,Female,7.35
1385,8.6,1.8,6.3,1.1,6.2,High,Male,8
1386,7.4,1.4,6.6,5.8,2.8,Moderate,Female,7.18
1387,8.2,0.1,7.2,5.3,3.2,High,Male,7.8
1388,8.8,2.4,7.9,0.3,4.6,High,Female,8.15
1389,5.7,2.5,6,3,6.8,Low,Male,6.25
1390,9.7,3.4,8.6,0.2,2.1,High,Male,8.82
1391,5.5,2,5.8,5.9,4.8,High,Female,7.05
1392,6.8,2.6,5.6,2.6,6.4,High,Female,6.92
1393,6.4,3.6,5.2,5.5,3.3,High,Female,7.15
1394,8.9,0.1,9.8,2.7,2.5,High,Female,8.78
1395,6.5,1.5,5.3,5.9,4.8,High,Male,7.5
1396,7.2,3.8,6.2,3.2,3.6,Moderate,Female,7.55
1397,7.4,2.8,5.3,1.2,7.3,High,Male,8.12
1398,5.9,2.3,6.1,5.2,4.5,Low,Male,6.8
1399,9.7,2.1,6.8,1.3,4.1,High,Female,8.88
1400,9.7,1.6,8.5,2.1,2.1,High,Male,9.68
1401,7.6,1.1,7.3,2.8,5.2,Moderate,Male,8
1402,6.6,0.2,7.5,3.3,6.4,Moderate,Male,7.55
1403,5.8,3,9.9,5,0.3,Low,Male,7.32
1404,8.5,1.8,7.7,5.1,0.9,High,Female,8.07
1405,7.4,1.5,7.5,3.5,4.1,Moderate,Female,8.32
1406,5.5,2.4,5.6,0.5,10,High,Female,7.78
1407,7.6,1.6,7.9,0.5,6.4,Moderate,Female,7.22
1408,9.9,2.2,8.4,1.1,2.4,High,Male,8.57
1409,5.5,3.9,6.4,2.5,5.7,Low,Male,7
1410,9.1,2.1,6.4,0.4,6,High,Female,8.43
1411,5.8,3.6,8.4,1.5,4.7,Low,Female,7.28
1412,7.9,1.6,6.8,1.3,6.4,Moderate,Female,7.75
1413,8.3,3.9,5.9,3.5,2.4,High,Male,7.38
1414,6.3,3.3,7.4,3.3,3.7,Moderate,Female,6.3
1415,6.5,0.7,5.4,4.3,7.1,High,Female,7.75
1416,7,1.7,7.3,2.2,5.8,Moderate,Female,7.12
1417,5.5,1.2,8.3,4,5,Low,Male,6.9
1418,6,0.8,5.1,5.4,6.7,High,Male,6.35
1419,6.1,0.9,6.4,0.8,9.8,Moderate,Male,6.98
1420,5.7,2.6,6.7,4.2,4.8,Low,Male,7.25
1421,7.8,1,8.3,0.7,6.2,Moderate,Male,6.72
1422,6.3,2.4,9.4,5.9,0,Moderate,Male,8.05
1423,8,1.6,6.1,1.5,6.8,Moderate,Male,6.88
1424,9.6,1.5,6.9,2.3,3.7,High,Male,8.43
1425,9.2,2.6,8.1,1.4,2.7,High,Female,8.48
1426,7,2,8.3,0.1,6.6,Moderate,Female,8.18
1427,9.4,1.8,6.7,0.8,5.3,High,Male,8.43
1428,7,2.7,7.1,5.8,1.4,Moderate,Male,6.18
1429,8,3.2,5.5,2.4,4.9,High,Female,8.4
1430,9.3,0.3,5.4,5.1,3.9,High,Male,7.55
1431,6.1,2.7,7.7,5,2.5,Moderate,Male,7.6
1432,7.1,1.3,8,5.6,2,Moderate,Male,7.7
1433,9.2,4,5.1,0.6,5.1,High,Female,9.05
1434,6.4,1,8.9,0.3,7.4,Moderate,Female,7.6
1435,6.8,2,7.8,4.4,3,Moderate,Female,8.18
1436,7.9,2.2,8.2,1.5,4.2,Moderate,Female,7.18
1437,5.4,0.5,6.1,3,9,Low,Female,7.28
1438,8.9,1.4,7,2.4,4.3,High,Male,8.75
1439,6,0.2,8,5.9,3.9,Moderate,Female,6.9
1440,9.1,2.8,9.7,1,1.4,High,Male,8.82
1441,8.3,1.9,8.2,2.5,3.1,High,Male,8.12
1442,7.6,3.2,8.7,3,1.5,Moderate,Female,7.15
1443,5.6,2.9,7.5,5.4,2.6,Low,Female,7.45
1444,5.7,3,5,1,9.3,High,Male,6.05
1445,7.9,2.9,9.6,2.5,1.1,Moderate,Male,7.48
1446,5,0.5,7.7,4.1,6.7,Low,Male,7.68
1447,7.1,2.9,7.6,0.4,6,Moderate,Female,7.88
1448,8.6,3.6,5.6,5.9,0.3,High,Female,8.02
1449,6,0,10,1.7,6.3,Moderate,Female,6.75
1450,7.9,3.6,6.6,4,1.9,Moderate,Female,8.22
1451,5.9,2.5,6.7,1.3,7.6,Low,Female,6.75
1452,9.5,1.6,6.2,2.7,4,High,Male,8.3
1453,6.6,3,9.9,2,2.5,Moderate,Female,7.58
1454,5.8,2.8,7.6,3.9,3.9,Low,Male,7.72
1455,9.4,1.8,9.5,2.5,0.8,High,Male,9.78
1456,6.6,3.9,8.3,0.2,5,Moderate,Male,7.32
1457,6.6,2.5,5.3,0.1,9.5,High,Female,6.5
1458,7.2,1.1,5.8,4.1,5.8,High,Female,7.4
1459,7.6,0.8,6.6,3.6,5.4,Moderate,Female,8.25
1460,8.6,2.7,7.4,3.4,1.9,High,Male,8.62
1461,5.2,2.5,8.9,3,4.4,Low,Male,6.28
1462,8.2,2.8,9.4,1.2,2.4,High,Male,7.65
1463,8.8,2.2,9.4,1.9,1.7,High,Male,9.62
1464,8.7,3.9,5.4,0.3,5.7,High,Male,8.55
1465,9.7,2.1,8.1,2,2.1,High,Male,8.72
1466,8.7,1.2,6.5,5,2.6,High,Female,8.12
1467,5.4,3.5,6.3,3.6,5.2,Low,Female,7.12
1468,7.1,2.8,6.7,1.7,5.7,Moderate,Female,7.9
1469,10,3,8.2,1,1.8,High,Female,9.52
1470,7.7,3.4,5.2,2.2,5.5,High,Male,8.05
1471,6.2,1.8,5.4,5.7,4.9,High,Male,7.45
1472,7.8,3.7,5,4.5,3,High,Female,7.9
1473,9.5,0.6,5.5,2.5,5.9,High,Male,8.6
1474,7.6,0.6,5,4.9,5.9,High,Female,8.22
1475,5.4,2.5,9.6,1.3,5.2,Low,Female,6.72
1476,8,0.7,8.7,1.8,4.8,Moderate,Female,8.12
1477,7.3,2.4,5.9,4.4,4,High,Male,8.25
1478,5.8,2.8,5.6,2.6,7.2,High,Female,6.55
1479,6.2,3,6.3,5.3,3.2,Moderate,Female,7.28
1480,8.1,0.4,7,4.3,4.2,High,Female,8.1
1481,8.3,2.5,6.4,2.3,4.5,High,Male,8.28
1482,7.5,2.8,6.2,1.9,5.6,Moderate,Male,7.55
1483,6.7,0.1,6.7,4.8,5.7,Moderate,Female,7.52
1484,7.3,0.1,9.4,0.1,7.1,Moderate,Male,8.22
1485,9.7,2,6.7,5.2,0.4,High,Male,8.68
1486,7.7,0.9,7.1,3.9,4.4,Moderate,Male,7.7
1487,8.6,0,9.7,0.9,4.8,High,Male,7.85
1488,5.2,0.5,9.9,1.9,6.5,Low,Male,6.52
1489,5.6,0.4,8.6,5.1,4.3,Low,Male,7.02
1490,6.1,2.1,6.3,5.6,3.9,Moderate,Male,6.82
1491,9.5,2.3,6.8,2.1,3.3,High,Male,9.35
1492,7.3,3.4,9.7,1.2,2.4,Moderate,Male,7.42
1493,7.8,0.4,6,2.5,7.3,Moderate,Male,8.1
1494,5.8,1.8,8,4.2,4.2,Low,Female,7.05
1495,6.9,3.5,7.8,2.5,3.3,Moderate,Female,7.55
1496,9.1,2.5,9.2,1.6,1.6,High,Male,8.05
1497,5.6,0.1,6.5,4.2,7.6,Low,Female,6.78
1498,7.5,1.7,7.1,1.4,6.3,Moderate,Female,8.3
1499,5.7,0.8,5.3,1.2,11,High,Male,6.85
1500,6.8,0,9.2,0.2,7.8,Moderate,Male,7
1501,9.7,3.6,7.7,1.6,1.4,High,Male,8.05
1502,8.2,0.2,5.3,2.7,7.6,High,Female,8.88
1503,7.7,3.6,5.5,4.9,2.3,High,Female,7.65
1504,6.6,1.6,5.8,3,7,High,Male,6.82
1505,9,1.8,7.5,4.8,0.9,High,Male,8.32
1506,6.3,3.5,7.9,1.3,5,Moderate,Male,8.3
1507,6.3,3.2,5.2,6,3.3,High,Female,7.5
1508,7,2,9.4,2.3,3.3,Moderate,Female,7.45
1509,7.7,0.2,5,1.5,9.6,High,Female,7.5
1510,5.6,1.6,8.2,4.3,4.3,Low,Female,7.28
1511,5.9,0.3,9.7,1.6,6.5,Low,Male,6.9
1512,9.1,3.1,8,1.3,2.5,High,Male,8.65
1513,6.3,0.5,7.5,3.5,6.2,Moderate,Male,7.18
1514,6.8,2.6,9.5,0.8,4.3,Moderate,Male,6.45
1515,6.9,0.6,8.1,4.4,4,Moderate,Female,7.5
1516,9.8,0.3,8,0.3,5.6,High,Female,8.82
1517,9.5,2.1,8.3,3.4,0.7,High,Male,8.38
1518,5.6,1.9,8,0.2,8.3,Low,Male,7.48
1519,6.4,0.1,7.1,5.4,5,Moderate,Female,6.8
1520,9.6,3,8.7,1.9,0.8,High,Male,8.62
1521,6,0.8,8.4,1.3,7.5,Moderate,Female,7.98
1522,8.9,1.8,9,3.6,0.7,High,Male,8.18
1523,8.3,0.9,6.4,1.9,6.5,High,Male,7.95
1524,6,1.8,9.5,0.6,6.1,Moderate,Male,6.95
1525,8.6,2.7,5.5,5.5,1.7,High,Male,7.25
1526,8.8,1,8.5,0.2,5.5,High,Male,8.8
1527,9.2,1.8,8.2,1.1,3.7,High,Male,9
1528,7.4,2.5,7.3,5.4,1.4,Moderate,Male,8.12
1529,7.5,3.4,9,1.7,2.4,Moderate,Female,7.58
1530,9.1,0.9,7.6,4.8,1.6,High,Female,7.7
1531,6.8,2.6,6.2,0.7,7.7,Moderate,Female,7.5
1532,6.4,3.4,6.7,5.8,1.7,Moderate,Female,7.45
1533,9.9,1.1,5.2,4.2,3.6,High,Female,8.25
1534,8.5,0.1,9.4,0.8,5.2,High,Male,8.12
1535,5.6,0.7,9.8,4.2,3.7,Low,Male,6.88
1536,6.7,0.9,7.4,3.3,5.7,Moderate,Female,8.15
1537,8.2,1,9.7,0.9,4.2,High,Male,7.02
1538,7.2,2.3,7.2,2.5,4.8,Moderate,Female,7.58
1539,8.7,2.7,9.2,0.8,2.6,High,Female,8.95
1540,6.8,1.9,6.6,0.9,7.8,Moderate,Male,8.45
1541,6.1,0.4,8.4,4,5.1,Moderate,Male,7.2
1542,7.9,3.9,7.7,4.1,0.4,Moderate,Male,8.5
1543,5.4,0.8,7.2,3.5,7.1,Low,Female,6.78
1544,9,2.4,6,3,3.6,High,Male,8.3
1545,8.7,3.1,7.5,1.4,3.3,High,Female,7.48
1546,8.7,1,5.9,3.2,5.2,High,Female,7.92
1547,6.4,2.5,5.6,3.9,5.6,High,Female,7.22
1548,8.9,2.4,9.9,1,1.8,High,Male,8.6
1549,8.4,0.3,7,5.8,2.5,High,Male,7.25
1550,5.6,2.8,8.2,2.2,5.2,Low,Female,7.28
1551,9.8,0.1,6.5,5.5,2.1,High,Male,8.1
1552,7.7,3.3,5.5,5.7,1.8,High,Male,7.48
1553,9,0.7,8.6,2.2,3.5,High,Male,9.05
1554,9.8,0.5,7.1,2.9,3.7,High,Female,8.45
1555,6.9,1.5,5.3,4.1,6.2,High,Female,6.92
1556,9.1,3.2,7.4,1.3,3,High,Male,8.28
1557,8.2,1.2,6.2,4.4,4,High,Female,7.7
1558,6.2,3.7,7.6,2.2,4.3,Moderate,Male,7.1
1559,9.4,1.6,6.7,1.2,5.1,High,Male,7.78
1560,8.4,1.2,7.9,0.4,6.1,High,Male,7.65
1561,6,1.6,9.7,2.3,4.4,Moderate,Male,6.65
1562,5.6,0.2,6.5,0.9,10.8,Low,Female,7.5
1563,5.9,3,5.1,3.3,6.7,High,Female,7.28
1564,7.8,1.3,6.5,4.4,4,Moderate,Female,6.72
1565,9.4,0.8,5.5,5.4,2.9,High,Male,8.88
1566,6.8,0.5,7.9,3.2,5.6,Moderate,Male,6.52
1567,6,1.8,9,3.5,3.7,Moderate,Male,7.3
1568,8.5,3.2,8.1,0.6,3.6,High,Female,7.72
1569,8.6,2.7,5.1,2.5,5.1,High,Male,8.85
1570,6.1,2.4,9.6,4.7,1.2,Moderate,Female,6.68
1571,9.6,3.9,5.1,3.4,2,High,Female,9.12
1572,6.3,3.9,8.1,4.5,1.2,Moderate,Female,7.22
1573,5.4,0.7,8.8,0.1,9,Low,Female,6.42
1574,8.1,2.8,6.7,0.6,5.8,High,Female,8.75
1575,5.3,2.4,7.6,4.5,4.2,Low,Female,5.62
1576,7,0.1,6.7,5.9,4.3,Moderate,Male,7.8
1577,9.4,1.3,7.9,4.6,0.8,High,Male,8.35
1578,5.4,2,9.8,4.2,2.6,Low,Female,7
1579,5.4,0.8,8.9,5,3.9,Low,Female,7.8
1580,5.1,3.3,8.9,1.6,5.1,Low,Male,7.55
1581,8.5,0.9,5.2,1.2,8.2,High,Female,7.92
1582,7.1,2,7.4,1.6,5.9,Moderate,Female,7.15
1583,5.1,2.4,7,1.8,7.7,Low,Male,7.1
1584,9.3,2,5.7,4.2,2.8,High,Female,8.78
1585,6,1.8,5.3,5,5.9,High,Female,7.2
1586,8.7,2.5,9,1.6,2.2,High,Female,8.82
1587,8.9,1.8,9.7,1.8,1.8,High,Male,9.07
1588,9.1,2.2,5.9,2.8,4,High,Male,8.32
1589,9.8,3,9.1,0.1,2,High,Male,9.75
1590,9.2,0.2,9.3,2.9,2.4,High,Female,8.22
1591,6,1.3,6.4,3.2,7.1,Moderate,Female,7.1
1592,6.2,1.8,7.6,4.6,3.8,Moderate,Male,7.45
1593,7.2,3.2,8.1,0.6,4.9,Moderate,Female,7.6
1594,7,3,7.9,2.3,3.8,Moderate,Female,7.02
1595,5.9,0.9,7.9,2.5,6.8,Low,Female,6.58
1596,8.3,3.4,6.3,2.9,3.1,High,Female,8.15
1597,9.9,1.3,8,0.4,4.4,High,Female,8.32
1598,9.8,2.9,8.9,1.7,0.7,High,Male,8.78
1599,7.9,1.8,9.3,4.8,0.2,Moderate,Female,8.35
1600,7.9,2.2,7.3,1.3,5.3,Moderate,Male,7.95
1601,5,1,7.5,2.3,8.2,Low,Female,7.05
1602,6.8,1.8,5.7,0.3,9.4,High,Male,7.52
1603,8.9,2.3,8.8,0.6,3.4,High,Female,7.55
1604,6.1,0,5.7,1.9,10.3,High,Male,7.52
1605,5.6,3.9,6.5,0.8,7.2,Low,Female,7.3
1606,5.3,3.4,9.8,1.4,4.1,Low,Male,6.32
1607,7.3,0.1,8.2,2.5,5.9,Moderate,Female,7.3
1608,8.3,1.7,5.9,4.1,4,High,Male,7.78
1609,7.8,3.4,5.6,4.7,2.5,High,Female,7.55
1610,8.5,1.8,9.7,0.6,3.4,High,Male,8.35
1611,8.2,1.5,9.8,1.5,3,High,Male,8.5
1612,10,1,7.2,3,2.8,High,Female,8.43
1613,6.5,0.1,6.1,1.7,9.6,Moderate,Female,6.8
1614,9.4,2.8,5.4,3.9,2.5,High,Male,8.43
1615,8.3,3.8,5,1.5,5.4,High,Female,8.57
1616,5.5,2.1,6.2,1.1,9.1,Low,Male,7.45
1617,9.1,0.5,7.3,5.6,1.5,High,Male,8.43
1618,5.9,1.3,7.1,1.9,7.8,Low,Male,7.28
1619,6.4,3.9,5.8,4.4,3.5,High,Female,7.28
1620,5.9,2.6,8.6,4.1,2.8,Low,Male,7.45
1621,6.6,1,9.8,5.5,1.1,Moderate,Male,8.07
1622,7.3,1.7,5.8,2.6,6.6,High,Female,7.68
1623,7.7,0.1,7.2,4.7,4.3,Moderate,Female,8.43
1624,9.5,0.1,7.8,4.7,1.9,High,Female,9.28
1625,7.7,1.3,5.7,5.3,4,High,Female,8.4
1626,7.9,2.7,9,2.9,1.5,Moderate,Male,7.92
1627,7,2.1,9,2.2,3.7,Moderate,Male,7.22
1628,9.6,0.4,8.2,2.4,3.4,High,Male,8.5
1629,7,2.7,5.3,3.6,5.4,High,Male,7.92
1630,5.9,3.6,8.3,5.3,0.9,Low,Female,7.48
1631,7.4,2.2,9.6,4.3,0.5,Moderate,Male,6.92
1632,7,1.6,6.4,1.6,7.4,Moderate,Male,7.42
1633,9.3,0.3,8.4,1,5,High,Female,8.22
1634,6.3,3.1,9.4,1.2,4,Moderate,Male,7.28
1635,7.3,1.9,9.4,4.1,1.3,Moderate,Male,8.78
1636,9.2,0,7,5.4,2.4,High,Male,8.52
1637,8.7,2.2,7.6,1.9,3.6,High,Male,9.32
1638,7.1,2.9,9.3,0.7,4,Moderate,Male,7.8
1639,7.3,1.6,8.4,1.5,5.2,Moderate,Male,8.18
1640,7.1,3.6,10,0.4,2.9,Moderate,Female,7.82
1641,6.2,3.8,9.8,0.4,3.8,Moderate,Female,7.92
1642,5.1,2.4,6.4,5.2,4.9,Low,Male,6.92
1643,6.4,2.7,8.4,1.3,5.2,Moderate,Male,7.35
1644,6.4,3.2,9,2.5,2.9,Moderate,Female,7.18
1645,8,2.4,9.1,1.9,2.6,Moderate,Male,7.52
1646,7.7,1.8,7.2,0.5,6.8,Moderate,Male,7.42
1647,8.6,0.9,6,2.5,6,High,Male,8.45
1648,6.9,1.8,7.7,1.2,6.4,Moderate,Female,6.88
1649,5.8,3.5,7.2,2.5,5,Low,Male,7.18
1650,7.8,2.2,8.5,1,4.5,Moderate,Female,7.65
1651,6.3,3.2,9.7,0.7,4.1,Moderate,Male,6.62
1652,5.3,1.3,5.7,4.3,7.4,High,Female,6.98
1653,7.7,0.6,5,4.8,5.9,High,Female,8.07
1654,6.7,2.3,6.6,0.5,7.9,Moderate,Male,6.92
1655,6.1,0.8,7.1,3.9,6.1,Moderate,Female,8.5
1656,9.8,2.4,7.4,2.5,1.9,High,Male,8.9
1657,9.6,3.3,6.6,1.1,3.4,High,Female,8.62
1658,8.7,2,5.3,4.3,3.7,High,Male,7.4
1659,9,1.2,8.3,2.3,3.2,High,Male,9.35
1660,9.4,2,6.6,4.5,1.5,High,Female,8.65
1661,6.1,1.6,9.3,4.3,2.7,Moderate,Male,6.62
1662,6.8,1.1,5.9,4.5,5.7,High,Male,7.32
1663,6.3,1.8,6.9,5.9,3.1,Moderate,Female,7
1664,5.4,2.4,8,2.5,5.7,Low,Male,6.92
1665,7.2,0.2,7.6,3,6,Moderate,Male,7.08
1666,6.3,0.7,9.8,5.1,2.1,Moderate,Female,7.58
1667,6.2,1.3,6,3,7.5,Moderate,Female,7.8
1668,5.8,3.2,9,0.8,5.2,Low,Male,7.2
1669,7,0.7,6.3,1.6,8.4,Moderate,Male,6.58
1670,9.7,0.5,9.9,0.9,3,High,Female,9.3
1671,8.9,1.4,5.7,5.1,2.9,High,Female,8.88
1672,7.8,1.9,7.5,4.4,2.4,Moderate,Male,7.28
1673,5.4,2.7,9.5,0.3,6.1,Low,Female,7.25
1674,7.2,1.6,5.7,3,6.5,High,Male,7.35
1675,5.6,1.9,8.8,1.5,6.2,Low,Male,7.22
1676,8.4,3.4,7.1,3.9,1.2,High,Male,8.15
1677,5.2,0.5,6,2.4,9.9,Low,Male,6.72
1678,8.3,2.8,7.9,1.8,3.2,High,Male,8.6
1679,7.9,1.4,5.4,6,3.3,High,Female,7.78
1680,8.3,1.3,7,1.6,5.8,High,Female,8.48
1681,6.7,1.6,8.6,3.1,4,Moderate,Female,8.85
1682,9.6,0.2,7.9,5.1,1.2,High,Female,8.65
1683,6.2,3.5,5.1,4.4,4.8,High,Male,7.42
1684,7.2,0.2,9.6,2.8,4.2,Moderate,Male,7.98
1685,5.1,2.8,7.4,0.7,8,Low,Male,7.88
1686,7.5,3.3,9.3,2.4,1.5,Moderate,Male,8.4
1687,5.1,2.8,7.1,3.4,5.6,Low,Female,6.25
1688,9.6,0.5,8.4,0,5.5,High,Male,9.25
1689,9.6,0.5,5.5,2,6.4,High,Male,7.98
1690,7.9,1.8,5.2,1.9,7.2,High,Female,7.68
1691,9.1,2.8,8.6,2.4,1.1,High,Female,8.1
1692,6.4,3.3,9.9,2.2,2.2,Moderate,Female,7.25
1693,5,0.6,6.6,3.5,8.3,Low,Female,7.22
1694,8.9,3,8,2.6,1.5,High,Male,8.22
1695,8.2,2.5,7.8,5.4,0.1,High,Male,8.5
1696,9.4,0.9,5.4,2.9,5.4,High,Female,8.9
1697,7.6,3.3,7.2,3.4,2.5,Moderate,Male,7.58
1698,8.1,3.3,5.8,3.6,3.2,High,Male,8.05
1699,8,0.7,5.6,5.9,3.8,High,Male,7.32
1700,5.9,2.7,8,3.9,3.5,Low,Female,6.95
1701,5.4,3.6,6.9,1.9,6.2,Low,Male,5.88
1702,9.3,3.7,6.5,3.9,0.6,High,Female,8.1
1703,8.9,3.7,6.2,3,2.2,High,Male,8.72
1704,5,2.3,6.7,1.9,8.1,Low,Male,6.6
1705,8.2,3.4,8,3.8,0.6,High,Male,8.15
1706,7.3,0,7.8,4,4.9,Moderate,Female,6.88
1707,8,2.9,7.9,0.3,4.9,Moderate,Male,8.12
1708,6.4,0.3,7.1,3.3,6.9,Moderate,Female,6.92
1709,6.6,2.9,8.2,2,4.3,Moderate,Female,7.85
1710,8.2,2.2,5.1,4.2,4.3,High,Female,8.7
1711,6.9,3.8,9.1,2.5,1.7,Moderate,Male,7.2
1712,6.7,1.9,6.5,3.1,5.8,Moderate,Male,7.18
1713,5.8,3.9,5.5,5.6,3.2,High,Male,7.2
1714,8.6,1.7,8.2,1.9,3.6,High,Male,8.65
1715,6.5,2.3,7.5,3.5,4.2,Moderate,Female,7
1716,5.4,0.2,6.3,0.4,11.7,Low,Female,6.32
1717,5.5,3.3,5.2,4,6,High,Female,7.38
1718,7.4,1.2,7.6,2.3,5.5,Moderate,Male,7.58
1719,7.8,0.5,10,2.4,3.3,Moderate,Female,8.57
1720,6.8,3.3,7.3,4.3,2.3,Moderate,Male,7.08
1721,5.5,3.4,8.7,1.3,5.1,Low,Female,6.85
1722,9.9,1,7.3,0.2,5.6,High,Male,8.3
1723,7,2.3,9.8,2.5,2.4,Moderate,Male,7.72
1724,5.2,1.3,7.9,5.7,3.9,Low,Female,7.6
1725,9.3,0.9,6.1,1.2,6.5,High,Female,8.22
1726,7.5,1.9,6.3,3,5.3,Moderate,Female,8.5
1727,5.2,0.5,9.4,4.5,4.4,Low,Female,7.25
1728,6.8,3,8.9,4,1.3,Moderate,Male,6.22
1729,8.6,0.8,6.7,2.8,5.1,High,Female,8.8
1730,6.6,0.6,7,5.9,3.9,Moderate,Female,7.08
1731,6.1,2.4,7.2,0.4,7.9,Moderate,Female,8.22
1732,7.6,3.5,6.4,0.5,6,Moderate,Male,7.8
1733,9.7,1.5,7.9,3.9,1,High,Male,9.22
1734,5.7,1.2,5.7,4.9,6.5,High,Female,6.65
1735,6.1,2.9,9.7,2.8,2.5,Moderate,Male,6.25
1736,6.6,1.9,8,5.9,1.6,Moderate,Female,8.52
1737,9.7,3.4,9.4,0.7,0.8,High,Male,9
1738,7,3.8,7.1,3.6,2.5,Moderate,Male,7.78
1739,8.5,3.8,6.2,4.1,1.4,High,Male,7.32
1740,8.9,2.2,8.3,1.5,3.1,High,Male,8.43
1741,7.4,2.5,7,1.2,5.9,Moderate,Female,7.78
1742,8.7,1.6,6.8,2.4,4.5,High,Female,8.55
1743,7,2.2,7.7,3,4.1,Moderate,Female,7.62
1744,5.8,0.5,9.7,3.6,4.4,Low,Male,6.62
1745,8.3,1.6,9.5,2.9,1.7,High,Female,7.8
1746,9.8,3.3,9.3,0.3,1.3,High,Female,9.32
1747,6.4,1.1,6.4,5.1,5,Moderate,Female,6.98
1748,6.2,3.2,7.8,0,6.8,Moderate,Male,7
1749,7.1,1.6,5.6,4.1,5.6,High,Male,8.2
1750,8.6,0,9.8,4.6,1,High,Male,8.7
1751,9.5,0.1,9.7,3.8,0.9,High,Female,8.93
1752,9.7,1.8,8,2.1,2.4,High,Female,9.55
1753,9.7,0.3,7.5,4.1,2.4,High,Female,8.82
1754,9.5,3.8,5.3,2.2,3.2,High,Male,9.25
1755,5.1,1.3,7.7,5.5,4.4,Low,Male,7
1756,7.7,1.1,9.5,5.3,0.4,Moderate,Female,7.48
1757,7,3.6,6.9,4.4,2.1,Moderate,Male,7.1
1758,9.6,1.8,8.7,1.4,2.5,High,Male,8.57
1759,5.1,0.4,7.5,4.1,6.9,Low,Male,7.52
1760,8.5,2.8,7.5,4.8,0.4,High,Male,7.65
1761,7.4,1.8,6,1.8,7,Moderate,Female,7.82
1762,6.2,1.2,8.9,2,5.7,Moderate,Male,7.12
1763,6.2,0.7,8.9,0.8,7.4,Moderate,Male,7.55
1764,8.4,2.5,9.1,0.2,3.8,High,Male,6.62
1765,6.5,1.1,5.7,1.7,9,High,Male,7.55
1766,8.3,1.5,8.6,1.9,3.7,High,Female,7.15
1767,6.5,2.2,5.1,0.5,9.7,High,Female,7.75
1768,8.6,0.4,9.2,4.2,1.6,High,Male,8.18
1769,8.1,3.3,7,1.2,4.4,High,Male,9.5
1770,7.7,2.3,9.7,3.9,0.4,Moderate,Male,8.25
1771,9.4,3.2,9.7,0.2,1.5,High,Male,8.5
1772,9.2,2,8.7,0.6,3.5,High,Male,7.58
1773,6.3,2.9,5.8,2.1,6.9,High,Male,6.95
1774,8.5,1.5,7.8,0.6,5.6,High,Female,7.55
1775,9,1.5,8.2,3.8,1.5,High,Male,8.52
1776,8.1,1.7,5.9,5.7,2.6,High,Female,7.92
1777,8.8,0.8,6.7,4.9,2.8,High,Female,8.82
1778,7.2,2.9,6.9,1.3,5.7,Moderate,Male,8.07
1779,8.2,3.9,6.6,2.4,2.9,High,Female,8.3
1780,9.2,3,5.3,6,0.5,High,Female,9.43
1781,8.8,3.5,8.3,2.9,0.5,High,Female,8.15
1782,9.4,0.8,5.4,4.7,3.7,High,Female,8.12
1783,9.2,0.7,9.3,3.3,1.5,High,Female,9.1
1784,7.1,0.8,6.4,3,6.7,Moderate,Female,7.7
1785,7.7,3.2,9,2.4,1.7,Moderate,Male,7.58
1786,5.3,3.5,5.4,1.5,8.3,High,Female,7.28
1787,8.5,1.6,9.4,1.3,3.2,High,Female,7.25
1788,7.7,3.5,9.6,0.9,2.3,Moderate,Female,8.48
1789,7.3,2.2,9.7,4.8,0,Moderate,Male,8.12
1790,6.9,0,5,2.8,9.3,High,Female,7.12
1791,7.4,0.1,8.4,1.8,6.3,Moderate,Male,6.88
1792,5.8,1.6,6.2,3.2,7.2,Low,Female,7.45
1793,6,2,5.8,4,6.2,High,Male,7.02
1794,7.3,0.3,8,1.6,6.8,Moderate,Male,7.88
1795,7.6,2.1,9.6,2.6,2.1,Moderate,Female,6.95
1796,9.7,3.1,6.4,4.1,0.7,High,Female,9.4
1797,7.2,3.3,9.1,0.8,3.6,Moderate,Male,7.18
1798,6.5,1.2,8.6,1.4,6.3,Moderate,Female,7.95
1799,5,2.9,5.9,0.6,9.6,High,Male,6.58
1800,7.4,0.2,9.9,4.3,2.2,Moderate,Male,7.1
1801,6.6,1.3,7.2,3.8,5.1,Moderate,Male,7.32
1802,9.3,1,6.9,5.2,1.6,High,Male,8.3
1803,8.3,1.4,8.4,0.1,5.8,High,Male,8.07
1804,9.1,3.8,9.6,1.4,0.1,High,Female,9.28
1805,7.6,1.4,7.3,4.1,3.6,Moderate,Male,7.72
1806,9.6,3.3,9.9,1.1,0.1,High,Male,8.75
1807,6.4,0.4,5.6,1.7,9.9,High,Female,8.02
1808,9.5,2.5,5,1.1,5.9,High,Male,8.8
1809,5.5,1.5,7.5,0.3,9.2,Low,Female,6.52
1810,8.2,1.9,7.5,2.6,3.8,High,Female,7.82
1811,9.8,0.9,7.6,4.2,1.5,High,Female,9.05
1812,6.9,1.9,5.4,3.7,6.1,High,Male,7.62
1813,6.4,0.6,7.7,3.2,6.1,Moderate,Male,7.5
1814,8.1,0.8,7.3,4.3,3.5,High,Male,7.8
1815,7.6,1.6,6.6,3.7,4.5,Moderate,Female,7.95
1816,5.4,1.8,9.5,0.6,6.7,Low,Male,7.25
1817,9.9,3.8,5.4,4.6,0.3,High,Female,9.22
1818,7.1,1.8,8.2,4.6,2.3,Moderate,Male,7.45
1819,5.2,2.4,5.9,2.1,8.4,High,Female,6.72
1820,6.7,0.4,5.7,0.2,11,High,Male,6.45
1821,7.4,3.8,5.6,5.7,1.5,High,Male,8.18
1822,8.2,3.3,5.5,3,4,High,Male,8.75
1823,8.5,2.3,9.2,0.3,3.7,High,Female,8.35
1824,6.9,1.4,8.1,5.3,2.3,Moderate,Female,8.55
1825,7.5,3.3,7,0.6,5.6,Moderate,Male,7.05
1826,8.6,3,5.3,1.3,5.8,High,Male,7.65
1827,6.4,2.2,5.7,0.8,8.9,High,Female,7.22
1828,6.8,3.2,7.6,0.8,5.6,Moderate,Female,6.95
1829,8.7,1.6,6.3,2.3,5.1,High,Female,7.18
1830,6.2,1.6,5.1,4.6,6.5,High,Male,7.3
1831,5.9,0.2,8.3,4.6,5,Low,Female,7.2
1832,6,2.9,8.5,1.5,5.1,Moderate,Male,7.92
1833,9.5,0.4,9.9,3.6,0.6,High,Female,8.75
1834,8.6,0.8,7.2,0.4,7,High,Male,8.3
1835,6.9,3,6.9,2,5.2,Moderate,Female,8.07
1836,5.2,1.5,5.8,4.2,7.3,High,Female,7.08
1837,5.5,2.7,6.4,1.2,8.2,Low,Female,6.88
1838,7.4,2,6.6,0.8,7.2,Moderate,Female,7.75
1839,6.9,2.7,8.9,2.9,2.6,Moderate,Female,6.92
1840,6.4,0.6,6.2,1.3,9.5,Moderate,Male,7.6
1841,7.6,2.3,9.7,0.9,3.5,Moderate,Female,8.4
1842,7.8,1,6.3,0.2,8.7,Moderate,Female,8.18
1843,6.5,3,5.2,1.3,8,High,Female,7.92
1844,7.3,2.8,6.9,1,6,Moderate,Male,8.1
1845,7,2.3,9.7,0.3,4.7,Moderate,Female,6.6
1846,7.5,0.1,6.6,4.9,4.9,Moderate,Male,7.85
1847,7.8,1.8,6.4,1.8,6.2,Moderate,Female,8.48
1848,9.8,1.8,7,4.6,0.8,High,Female,8.48
1849,7.1,2.2,6.2,4.5,4,Moderate,Male,8.35
1850,8.9,0.9,8.6,4.5,1.1,High,Female,8.4
1851,6.7,0.7,5,2.7,8.9,High,Male,7.88
1852,5.9,3.4,6.3,1.4,7,Low,Male,6.2
1853,7.4,2,6.1,1.6,6.9,Moderate,Female,8.05
1854,8.9,1.8,8.6,3.5,1.2,High,Male,7.92
1855,5.7,3.9,9.1,1.1,4.2,Low,Female,7.02
1856,5.7,3,7.3,4.7,3.3,Low,Female,7.05
1857,8.7,2.4,8.4,0.1,4.4,High,Male,8.78
1858,5,0.1,9.3,4.1,5.5,Low,Male,6.18
1859,6.3,2.8,9,1.8,4.1,Moderate,Male,6.98
1860,7.5,3.1,6.1,1.6,5.7,Moderate,Male,7.68
1861,6.2,4,6,3.5,4.3,Moderate,Female,7.2
1862,8.2,3,9.9,0.5,2.4,High,Female,8.25
1863,8.8,1.4,5.9,2.5,5.4,High,Male,8.22
1864,7.7,4,7,3.3,2,Moderate,Female,8.6
1865,6.8,1.6,8.5,5.6,1.5,Moderate,Female,8.32
1866,5.4,0.8,7.5,0.1,10.2,Low,Female,7.15
1867,6.3,2.1,5.1,1.6,8.9,High,Female,8.72
1868,9.6,2.6,7.1,4.4,0.3,High,Male,8.85
1869,8.9,0.8,5.7,4.1,4.5,High,Male,9.05
1870,8.7,2.5,9.9,1.5,1.4,High,Female,8.4
1871,5.6,3.3,6.3,4.7,4.1,Low,Male,7.12
1872,8,1.8,6.8,2.1,5.3,Moderate,Male,8.07
1873,8.2,3,8.4,0.9,3.5,High,Male,8.8
1874,7.4,2.1,8.9,3.7,1.9,Moderate,Female,7.75
1875,7,3.6,5.8,6,1.6,High,Female,7.48
1876,8.6,3.2,9.3,2.9,0,High,Female,8.45
1877,6.5,2.8,5.6,2.4,6.7,High,Male,7.25
1878,8,2,8.2,5.6,0.2,Moderate,Female,8.5
1879,5.3,2.3,9.3,2.9,4.2,Low,Female,7.05
1880,6.7,0.6,9.2,3.1,4.4,Moderate,Male,7.12
1881,9.7,3.2,8.5,0,2.6,High,Female,7.98
1882,9.6,0.7,6.4,3.1,4.2,High,Female,8.45
1883,6.3,0.8,8,0.5,8.4,Moderate,Male,7.28
1884,8.6,2.2,7.1,3.4,2.7,High,Male,7.95
1885,6.8,3.7,5.3,4,4.2,High,Male,7.6
1886,5.9,1.2,8.6,0.5,7.8,Low,Female,7.3
1887,9.1,2.9,8.6,0.3,3.1,High,Female,8.9
1888,9.2,0.2,5.1,2.2,7.3,High,Female,9.02
1889,5.7,2.2,9.6,2.3,4.2,Low,Male,7.45
1890,5.5,2.4,7.3,5.6,3.2,Low,Male,6.92
1891,5.6,0.8,5.1,2.6,9.9,High,Female,7.42
1892,8,2.5,7.7,0.5,5.3,Moderate,Female,7.8
1893,7.2,4,9.2,3.2,0.4,Moderate,Male,7.38
1894,7.4,2.7,9.4,3.4,1.1,Moderate,Male,7.6
1895,9.7,0.2,5.1,4,5,High,Male,8.12
1896,6.7,1.1,7.6,2.6,6,Moderate,Male,7.08
1897,7.6,2.7,6.9,1.5,5.3,Moderate,Female,7.62
1898,8.7,3,8.3,0.9,3.1,High,Male,7.75
1899,7.9,2.3,7.4,3.3,3.1,Moderate,Female,9.38
1900,8.6,0.4,8.7,0.8,5.5,High,Female,8.05
1901,5.3,3.9,9.8,0.3,4.7,Low,Female,6.32
1902,7.4,3.3,9.8,2.2,1.3,Moderate,Male,7.65
1903,6.8,2.4,6.6,5.5,2.7,Moderate,Male,7.62
1904,6.6,1.2,5.2,4.9,6.1,High,Male,8
1905,7.3,1.3,7.4,4.9,3.1,Moderate,Male,7.08
1906,6.9,1.3,5.9,3.6,6.3,High,Female,7.35
1907,7.4,3.5,5.2,3.9,4,High,Male,8.15
1908,9.4,2.9,9.6,0.7,1.4,High,Male,8.93
1909,7.5,0.1,5,1.4,10,High,Female,7.68
1910,5.9,0.1,9.5,0,8.5,Low,Male,6.98
1911,8.7,0.6,9.6,4.6,0.5,High,Female,8.93
1912,5,3.9,9.4,5.1,0.6,Low,Female,7.45
1913,8.3,1.4,9.5,1.4,3.4,High,Female,7.65
1914,9.6,0.6,6.1,3.3,4.4,High,Female,8.68
1915,8.8,2.5,6.2,0,6.5,High,Female,8.22
1916,9.5,1.6,7.6,2.5,2.8,High,Female,9.25
1917,7.2,3.1,7.6,1.9,4.2,Moderate,Female,6.98
1918,5.7,2.6,8.4,4.5,2.8,Low,Female,7.35
1919,7.5,3.6,9.7,2.6,0.6,Moderate,Male,7.1
1920,9.9,1.1,6,2.7,4.3,High,Male,9.2
1921,5.3,3.9,7.9,3.3,3.6,Low,Male,6.98
1922,5.2,2.4,8.6,2.5,5.3,Low,Male,8.02
1923,8.8,0.9,6.1,1,7.2,High,Female,8.82
1924,9.1,1.5,7.9,4,1.5,High,Male,8.22
1925,6.2,0.7,9.9,3.7,3.5,Moderate,Female,6.82
1926,6.3,2,6.6,1,8.1,Moderate,Male,7.72
1927,6.3,0.1,8.5,3,6.1,Moderate,Male,7.48
1928,5.5,3,5.1,1.5,8.9,High,Male,6.65
1929,9.5,2.9,5.4,4.9,1.3,High,Female,9.18
1930,8,2.7,10,0.8,2.5,Moderate,Male,8
1931,8.1,1.8,5.2,0.1,8.8,High,Female,8.2
1932,7.8,2.2,5.2,2.8,6,High,Female,7.5
1933,9.6,1.6,8.1,3.7,1,High,Male,8.65
1934,9.3,1.6,9.4,0.9,2.8,High,Male,9.22
1935,6.4,0.2,9,2.5,5.9,Moderate,Male,7.02
1936,9.5,3.3,7.8,2.1,1.3,High,Female,8.2
1937,7.4,1.6,9.6,0.7,4.7,Moderate,Male,6.88
1938,7.5,1.8,7.6,0.8,6.3,Moderate,Female,7.32
1939,7.6,1,5.9,0.4,9.1,High,Female,7.65
1940,8.1,2.9,8.4,2.2,2.4,High,Male,8.8
1941,6.9,1.5,8.2,3,4.4,Moderate,Male,7.48
1942,8.2,1.2,5.1,5.3,4.2,High,Female,7.98
1943,6.1,3.7,8.6,4.3,1.3,Moderate,Female,6.98
1944,7.6,0.7,6.5,1.9,7.3,Moderate,Female,7.5
1945,5.8,0.8,8.9,1,7.5,Low,Male,7.22
1946,9.9,1.3,5.6,3.4,3.8,High,Female,8.57
1947,9.5,3.1,8.1,1,2.3,High,Male,8.12
1948,8.4,2.9,9.8,0.8,2.1,High,Female,8.2
1949,5.1,2.2,8.5,4.7,3.5,Low,Female,6.6
1950,7.6,1.3,9.3,2.7,3.1,Moderate,Male,7.45
1951,9,2.3,8.9,1.3,2.5,High,Female,8.1
1952,7.7,0.9,7.4,1.9,6.1,Moderate,Male,8.28
1953,6.3,3.9,5.8,4.7,3.3,High,Male,6.82
1954,5.2,1.6,9.7,0.1,7.4,Low,Female,7.38
1955,7.9,2,9.4,0.4,4.3,Moderate,Male,8.55
1956,8.3,3.8,9.1,0.1,2.7,High,Male,8.7
1957,7.4,1.6,6.6,2.7,5.7,Moderate,Female,7.2
1958,9.9,0.4,9.6,2,2.1,High,Male,7.72
1959,8.1,3.3,6.8,2.5,3.3,High,Male,7.15
1960,9.6,3.3,5.5,0.6,5,High,Male,7.98
1961,7.1,0.4,8.1,0.9,7.5,Moderate,Female,7.55
1962,6.6,2.7,7.4,5.9,1.4,Moderate,Male,7.48
1963,9.4,1.4,5.2,5.1,2.9,High,Female,8.98
1964,9.5,0.9,9.5,1.3,2.8,High,Female,8.1
1965,9.9,1.1,9.8,0.2,3,High,Male,8.85
1966,7.4,0.9,8.5,1.1,6.1,Moderate,Male,8.7
1967,7.8,1,9.8,0.2,5.2,Moderate,Male,7.6
1968,7.1,0.9,7.5,5.2,3.3,Moderate,Female,7.3
1969,8.6,2.3,5.4,4.2,3.5,High,Male,8.45
1970,6.3,1.7,6.8,5.2,4,Moderate,Male,7.1
1971,5.6,2.3,5.7,4.2,6.2,High,Male,7.02
1972,7.4,3.7,7.6,2.6,2.7,Moderate,Male,8.22
1973,7.9,2.8,5.5,4.9,2.9,High,Male,7.58
1974,8.9,1.5,5.5,3.8,4.3,High,Female,8.28
1975,9.4,3.6,9.8,1,0.2,High,Female,8.3
1976,8,2.4,6.8,5.4,1.4,Moderate,Male,8.55
1977,7.5,1.9,10,2.3,2.3,Moderate,Male,7.85
1978,9.1,3.1,8.9,2.1,0.8,High,Male,7.75
1979,6.3,3.4,9.5,0.9,3.9,Moderate,Male,7.42
1980,8.2,2.2,5.3,4.5,3.8,High,Female,8.57
1981,7.5,2.6,7.5,3,3.4,Moderate,Male,7.55
1982,5.8,0.8,9.9,0.9,6.6,Low,Female,6.78
1983,6.3,2.4,8.1,0.9,6.3,Moderate,Female,7.68
1984,6.2,1.2,9.7,5,1.9,Moderate,Male,7.65
1985,8.5,0.3,7.1,3.4,4.7,High,Female,8.07
1986,8,1.3,8.9,4.9,0.9,Moderate,Female,7.32
1987,6.6,3.4,5.5,5,3.5,High,Female,7.25
1988,9.5,1.5,6.4,3,3.6,High,Female,9.65
1989,7.3,1.4,8.5,4.6,2.2,Moderate,Male,8.2
1990,7,2.7,7.4,6,0.9,Moderate,Male,7.12
1991,8.6,3.8,9.2,2.2,0.2,High,Female,8.15
1992,6.3,1.5,5.1,3.1,8,High,Male,8.02
1993,7.5,2.1,9.9,4.1,0.4,Moderate,Male,7.6
1994,7.1,1.4,9,3.1,3.4,Moderate,Male,7.12
1995,7.9,3.4,9,0.5,3.2,Moderate,Male,7.7
1996,6.5,0.2,7.4,2.1,7.8,Moderate,Male,8.3
1997,6.3,2.8,8.8,1.5,4.6,Moderate,Female,6.62
1998,6.2,0,6.2,0.8,10.8,Moderate,Male,7.85
1999,8.1,0.7,7.6,3.5,4.1,High,Male,7.6
2000,9,1.7,7.3,3.1,2.9,High,Male,8.95